Id,Label,Cluster,Category
0,'73 Skyline Uprisal Hoody,2,FeaturedFeatured > Shop by CategoryShop by Category > Sweatshirts & HoodiesSweatshirts & Hoodies > '73 Skyline Uprisal Hoody
1,Airfarer Cap,3,FeaturedFeatured > Shop by CategoryShop by Category > Hats & AccessoriesHats & Accessories > Airfarer Cap
2,Atom Sling Bag 8L,0,PacksPacks > Packs & GearBags & Luggage > Atom Sling Bag 8L
3,Atom Tote Pack 20L,0,PacksPacks > Packs & GearBags & Luggage > BackpacksBackpacks > Atom Tote Pack 20L
4,Balaclava,1,FeaturedFeatured > Shop by CategoryShop by Category > Hats & AccessoriesHats & Accessories > Balaclava
5,Beanie Hat,1,Men'sMen's > Shop by CategoryShop by Category > Hats & AccessoriesMen's Hats & Accesories > Beanie Hat
6,Better Sweater™ Fleece Gloves,1,FeaturedFeatured > Shop by CategoryShop by Category > Hats & AccessoriesHats & Accessories > Better Sweater™ Fleece Gloves
7,Black Hole® Pack 25L,0,PacksPacks > Packs & GearBags & Luggage > BackpacksBackpacks > Black Hole® Pack 25L
8,Black Hole® Pack 32L,0,PacksPacks > Packs & GearBags & Luggage > BackpacksBackpacks > Black Hole® Pack 32L
9,Black Hole® Waist Pack 5L,0,PacksPacks > Black Hole® BagsBlack Hole® Bags > Black Hole® Waist Pack 5L
10,Boardshort Label Funfarer Cap,3,Men'sMen's > Shop by CategoryShop by Category > Hats & AccessoriesMen's Hats & Accesories > Boardshort Label Funfarer Cap
11,Broadcaster Hat,3,Men'sMen's > Shop by CategoryShop by Category > Hats & AccessoriesMen's Hats & Accesories > Broadcaster Hat
12,Brodeo Beanie,1,Women'sWomen's > Shop by CategoryShop by Category > Hats & AccessoriesWomen's Hats & Accessories > HatsHats > BeaniesBeanies > Brodeo Beanie
13,Capilene® Midweight Liner Gloves,1,Women'sWomen's > Shop by CategoryShop by Category > Hats & AccessoriesWomen's Hats & Accessories > Gloves & MittensGloves & Mittens > Capilene® Midweight Liner Gloves
14,Chouinard® Crest Uprisal Hoody,2,Men'sMen's > Shop by CategoryShop by Category > TopsTops > Sweatshirts & HoodiesMen's Sweatshirts & Hoodies > Chouinard® Crest Uprisal Hoody
15,Corduroy Cap,3,Men'sMen's > Shop by CategoryShop by Category > Hats & AccessoriesMen's Hats & Accesories > Corduroy Cap
16,Cotton Down Jacket,1,FeaturedFeatured > Shop by CategoryShop by Category > Jackets & VestsJackets & Vests > Cotton Down Jacket
17,Daily Crewneck Sweatshirt,1,FeaturedFeatured > Shop by CategoryShop by Category > Sweatshirts & HoodiesSweatshirts & Hoodies > Daily Crewneck Sweatshirt
18,Daily Hoody Sweatshirt,1,FeaturedFeatured > Shop by CategoryShop by Category > Sweatshirts & HoodiesSweatshirts & Hoodies > Daily Hoody Sweatshirt
19,Daily Tee,2,Men'sMen's > Shop by CategoryShop by Category > TopsTops > Short SleeveShort Sleeve > Daily Tee
20,DAS® Light Pants,0,Men'sMen's > Shop by CategoryShop by Category > BottomsBottoms > Snow & Alpine PantsMen's Snow & Alpine Pants > DAS® Light Pants
21,DAS® Light Shorts,0,SportsSports > SnowSnow > Men'sMen's Snow > Backcountry TouringMen's Backcountry Touring > DAS® Light Shorts
22,Descensionist Snow Pack 37L,0,PacksPacks > Packs & GearBags & Luggage > Technical PacksTechnical Packs > Descensionist Snow Pack 37L
23,Dirt Roamer Bike Waist Pack 3L,0,PacksPacks > Packs & GearBags & Luggage > Technical PacksTechnical Packs > Dirt Roamer Bike Waist Pack 3L
24,Disperser Roll-Top Pack 40L,0,PacksPacks > Packs & GearBags & Luggage > Technical PacksTechnical Packs > Disperser Roll-Top Pack 40L
25,Duckbill Cap,3,Men'sMen's > Shop by CategoryShop by Category > Hats & AccessoriesMen's Hats & Accesories > Duckbill Cap
26,Duckbill Running Trucker Hat,3,Men'sMen's > Shop by CategoryShop by Category > Hats & AccessoriesMen's Hats & Accesories > Duckbill Running Trucker Hat
27,Everyday Beanie,1,FeaturedFeatured > Shop by CategoryShop by Category > Hats & AccessoriesHats & Accessories > Everyday Beanie
28,Fieldsmith Hip Pack 5L,1,PacksPacks > Packs & GearBags & Luggage > Fieldsmith Hip Pack 5L
29,Fieldsmith Lid Pack 28L,1,PacksPacks > Packs & GearBags & Luggage > BackpacksBackpacks > Everyday PacksEveryday Backpacks > Fieldsmith Lid Pack 28L
30,Fieldsmith Linked Backpack 24L,1,PacksPacks > Packs & GearBags & Luggage > BackpacksBackpacks > Everyday PacksEveryday Backpacks > Fieldsmith Linked Backpack 24L
31,Fieldsmith Roll-Top Pack 32L,1,PacksPacks > Packs & GearBags & Luggage > BackpacksBackpacks > Everyday PacksEveryday Backpacks > Fieldsmith Roll-Top Pack 32L
32,Fisherman's Rolled Beanie,1,Men'sMen's > Shop by CategoryShop by Category > Hats & AccessoriesMen's Hats & Accesories > Fisherman's Rolled Beanie
33,Fitz Roy Icon Uprisal Crewneck Sweatshirt,2,FeaturedFeatured > Shop by CategoryShop by Category > Sweatshirts & HoodiesSweatshirts & Hoodies > Fitz Roy Icon Uprisal Crewneck Sweatshirt
34,Fitz Roy Icon Uprisal Hoody,2,FeaturedFeatured > Shop by CategoryShop by Category > Sweatshirts & HoodiesSweatshirts & Hoodies > Fitz Roy Icon Uprisal Hoody
35,Fitz Roy Trout Trucker Hat,3,Men'sMen's > Shop by CategoryShop by Category > Hats & AccessoriesMen's Hats & Accesories > HatsHats > CapsCaps > Fitz Roy Trout Trucker Hat
36,Fly Catcher Hat,3,Men'sMen's > Shop by CategoryShop by Category > Hats & AccessoriesMen's Hats & Accesories > HatsHats > CapsCaps > Fly Catcher Hat
37,Foot Tractor Aluminum Bar Replacement Kit - Danner®,1,SportsSports > Fly FishingFly Fishing > Packs & GearFly Fishing Packs & Gear > Foot Tractor Aluminum Bar Replacement Kit - Danner®
38,Foot Tractor Wading Boots - Aluminum Bar Sole,1,Men'sMen's > Shop by CategoryShop by Category > WadersMen's Waders & Boots > BootsWading Boots > Foot Tractor Wading Boots - Aluminum Bar Sole
39,Foot Tractor Wading Boots - Felt Sole,1,Men'sMen's > Shop by CategoryShop by Category > WadersMen's Waders & Boots > BootsWading Boots > Foot Tractor Wading Boots - Felt Sole
40,Foot Tractor Wading Boots - Sticky Rubber Sole,1,Men'sMen's > Shop by CategoryShop by Category > WadersMen's Waders & Boots > BootsWading Boots > Foot Tractor Wading Boots - Sticky Rubber Sole
41,Forra Wading Boots - Grip Studs™ Traction Kit,1,SportsSports > Fly FishingFly Fishing > Packs & GearFly Fishing Packs & Gear > Forra Wading Boots - Grip Studs™ Traction Kit
42,Forra Wading Boots,1,Men'sMen's > Shop by CategoryShop by Category > WadersMen's Waders & Boots > BootsWading Boots > Forra Wading Boots
43,Friction Belt,1,Men'sMen's > Shop by CategoryShop by Category > Hats & AccessoriesMen's Hats & Accesories > Friction Belt
44,Graphic Maclure Hat,3,Men'sMen's > Shop by CategoryShop by Category > Hats & AccessoriesMen's Hats & Accesories > HatsHats > CapsCaps > Graphic Maclure Hat
45,Great Divider Boat Bag 26L,1,PacksPacks > Packs & GearBags & Luggage > Technical PacksTechnical Packs > Great Divider Boat Bag 26L
46,Guidewater Backpack 29L,0,PacksPacks > Packs & GearBags & Luggage > Technical PacksTechnical Packs > Guidewater Backpack 29L
47,Guidewater Hip Pack 9L,0,PacksPacks > Packs & GearBags & Luggage > Technical PacksTechnical Packs > Guidewater Hip Pack 9L
48,Guidewater Sling Pack 15L,0,PacksPacks > Packs & GearBags & Luggage > Technical PacksTechnical Packs > Guidewater Sling Pack 15L
49,Heavyweight Merino Wool-Blend Knee Socks,1,FeaturedFeatured > Shop by CategoryShop by Category > Socks & UnderwearSocks & Underwear > Heavyweight Merino Wool-Blend Knee Socks
50,Home Water Trout Uprisal Hoody,2,FeaturedFeatured > Shop by CategoryShop by Category > Sweatshirts & HoodiesSweatshirts & Hoodies > Home Water Trout Uprisal Hoody
51,Homepool Mitt Fishing Gloves,4,SportsSports > Fly FishingFly Fishing > Men'sMen's > Hats & AccessoriesFly Fishing Hats & Accessories > Homepool Mitt Fishing Gloves
52,Men's '73 Skyline Organic T-Shirt,2,Men'sMen's > Shop by CategoryShop by Category > TopsTops > Short SleeveShort Sleeve > Men's '73 Skyline Organic T-Shirt
53,Men's Airshed Pro Pullover,0,Men'sMen's > Shop by CategoryShop by Category > Jackets & VestsMen's Jackets & Vests > Men's Airshed Pro Pullover
54,Men's All Seasons Work Vest,1,SportsSports > WorkwearWorkwear > Men's All Seasons Work Vest
55,Men's Alpine Guide Pants - Regular,0,Men'sMen's > Shop by CategoryShop by Category > BottomsBottoms > Snow & Alpine PantsMen's Snow & Alpine Pants > Men's Alpine Guide Pants - Regular
56,Men's Alpine Guide Pants - Short,0,SportsSports > ClimbingClimbing > Men'sMen's > Pants & ShortsClimbing Pants > Men's Alpine Guide Pants - Short
57,Men's Terravia Alpine Pants - Regular,0,Men'sMen's > Shop by CategoryShop by Category > BottomsBottoms > PantsMen's Pants > Men's Terravia Alpine Pants - Regular
58,Men's Terravia Trail Pants - Regular,0,Men'sMen's > Shop by CategoryShop by Category > BottomsBottoms > PantsMen's Pants > Men's Terravia Trail Pants - Regular
59,Men's Terravia Trail Pants - Short,0,Men'sMen's > Shop by CategoryShop by Category > BottomsBottoms > PantsMen's Pants > Men's Terravia Trail Pants - Short
60,"Men's Baggies™ Lights - 6""",0,"FeaturedFeatured > Past Season GearWeb Specials > Men'sMen's > ShortsShorts > Men's Baggies™ Lights - 6"""
61,"Men's Baggies™ Longs - 7""",0,"Men'sMen's > Shop by CategoryShop by Category > BottomsBottoms > ShortsMen's Shorts > Men's Baggies™ Longs - 7"""
62,"Men's Baggies™ Shorts - 5""",0,"Men'sMen's > Shop by CategoryShop by Category > BottomsBottoms > ShortsMen's Shorts > Men's Baggies™ Shorts - 5"""
63,Men's Balance Organic Shirt,2,Men'sMen's > Shop by CategoryShop by Category > TopsTops > T-ShirtsMen's T-shirts > Short SleeveShort Sleeve Tees > Men's Balance Organic Shirt
64,Men's Berm Logo Responsibili-Tee®,2,Men'sMen's > Shop by CategoryShop by Category > TopsTops > T-ShirtsMen's T-shirts > Men's Berm Logo Responsibili-Tee®
65,Men's Better Sweater™ Fleece Crewneck,0,Men'sMen's > Shop by CategoryShop by Category > FleeceMen's Fleece > CasualMen's Casual Fleece > Men's Better Sweater™ Fleece Crewneck
66,Men's Better Sweater™ Fleece Jacket,1,Men'sMen's > Shop by CategoryShop by Category > FleeceMen's Fleece > JacketsJackets > Men's Better Sweater™ Fleece Jacket
67,Men's Better Sweater™ Fleece Vest,1,Men'sMen's > Shop by CategoryShop by Category > FleeceMen's Fleece > VestsVests > Men's Better Sweater™ Fleece Vest
68,Men's Better Sweater™ 1/2-Zip Fleece Pullover,0,Men'sMen's > Shop by CategoryShop by Category > FleeceMen's Fleece > CasualMen's Casual Fleece > Men's Better Sweater™ 1/2-Zip Fleece Pullover
69,Men's Boardshort Logo Pocket Responsibili-Tee®,2,Men'sMen's > Shop by CategoryShop by Category > TopsTops > Short SleeveShort Sleeve > Men's Boardshort Logo Pocket Responsibili-Tee®
70,Men's Boulder Fork Rain Jacket,0,Men'sMen's > Shop by CategoryShop by Category > Jackets & VestsMen's Jackets & Vests > Men's Boulder Fork Rain Jacket
71,Men's Canyonite Flannel Shirt,1,Men'sMen's > Shop by CategoryShop by Category > TopsTops > Button DownButton-Down Shirts > Men's Canyonite Flannel Shirt
72,Men's Capilene® Cool Daily Graphic Shirt - Lands,1,Men'sMen's > Shop by CategoryShop by Category > TopsTops > Short SleeveShort Sleeve > Men's Capilene® Cool Daily Graphic Shirt - Lands
73,Men's Capilene® Cool Daily Graphic Shirt - Waters,1,Men'sMen's > Shop by CategoryShop by Category > TopsTops > Short SleeveShort Sleeve > Men's Capilene® Cool Daily Graphic Shirt - Waters
74,Men's Capilene® Cool Merino Blend Graphic Shirt,1,Men'sMen's > Shop by CategoryShop by Category > TopsTops > Short SleeveShort Sleeve > Men's Capilene® Cool Merino Blend Graphic Shirt
75,Men's Capilene® Cool Merino Blend Shirt,1,Men'sMen's > Shop by CategoryShop by Category > TopsTops > Short SleeveShort Sleeve > Men's Capilene® Cool Merino Blend Shirt
76,Men's Capilene® Midweight Bottoms,1,Men'sMen's > Shop by CategoryShop by Category > Socks & UnderwearMen's Socks & Underwear > BaselayersMen's Baselayers > Men's Capilene® Midweight Bottoms
77,Men's Capilene® Midweight Crewneck,1,Men'sMen's > Shop by CategoryShop by Category > Socks & UnderwearMen's Socks & Underwear > BaselayersMen's Baselayers > Men's Capilene® Midweight Crewneck
78,Men's Capilene® Midweight Zip-Neck Pullover,1,Men'sMen's > Shop by CategoryShop by Category > Socks & UnderwearMen's Socks & Underwear > BaselayersMen's Baselayers > Men's Capilene® Midweight Zip-Neck Pullover
79,Men's Capilene® Thermal Weight Boot-Length Bottoms,1,Men'sMen's > Shop by CategoryShop by Category > BottomsBottoms > Men's Capilene® Thermal Weight Boot-Length Bottoms
80,Men's Capilene® Thermal Weight Bottoms,1,Men'sMen's > Shop by CategoryShop by Category > Socks & UnderwearMen's Socks & Underwear > BaselayersMen's Baselayers > Men's Capilene® Thermal Weight Bottoms
81,Men's Capilene® Thermal Weight Crewneck,1,Men'sMen's > Shop by CategoryShop by Category > Socks & UnderwearMen's Socks & Underwear > BaselayersMen's Baselayers > Men's Capilene® Thermal Weight Crewneck
82,Men's Capilene® Thermal Weight Zip-Neck Pullover,1,Men'sMen's > Shop by CategoryShop by Category > Socks & UnderwearMen's Socks & Underwear > BaselayersMen's Baselayers > Men's Capilene® Thermal Weight Zip-Neck Pullover
83,Men's Casting Logo Responsibili-Tee®,2,Men'sMen's > Shop by CategoryShop by Category > TopsTops > T-ShirtsMen's T-shirts > Short SleeveShort Sleeve Tees > Men's Casting Logo Responsibili-Tee®
84,Men's Chouinard® Crest Pocket Responsibili-Tee®,2,Men'sMen's > Shop by CategoryShop by Category > TopsTops > T-ShirtsMen's T-shirts > Men's Chouinard® Crest Pocket Responsibili-Tee®
85,Men's Classic Retro-X® Fleece Jacket,0,Men'sMen's > Shop by CategoryShop by Category > Jackets & VestsMen's Jackets & Vests > FleeceFleece Jackets > Men's Classic Retro-X® Fleece Jacket
86,Men's Classic Retro-X® Fleece Vest,0,FeaturedFeatured > Past Season GearWeb Specials > Men'sMen's > FleeceFleece > Men's Classic Retro-X® Fleece Vest
87,Men's Clean Climb Roots Responsibili-Tee®,2,Men'sMen's > Shop by CategoryShop by Category > TopsTops > T-ShirtsMen's T-shirts > Short SleeveShort Sleeve Tees > Men's Clean Climb Roots Responsibili-Tee®
88,Men's Corduroy Shirt,1,Men'sMen's > Shop by CategoryShop by Category > TopsTops > Button DownButton-Down Shirts > Men's Corduroy Shirt
89,Men's Daily Snap-T® Pullover,1,Men'sMen's > Shop by CategoryShop by Category > FleeceMen's Fleece > CasualMen's Casual Fleece > Men's Daily Snap-T® Pullover
90,Men's Daily Tee,2,Men'sMen's > Shop by CategoryShop by Category > TopsTops > T-ShirtsMen's T-shirts > Men's Daily Tee
91,Men's DAS® Light Hoody,0,Men'sMen's > Shop by CategoryShop by Category > Jackets & VestsMen's Jackets & Vests > InsulatedMen's Insulated Jackets & Vests > Men's DAS® Light Hoody
92,Men's DAS® Parka,0,Men'sMen's > Shop by CategoryShop by Category > Jackets & VestsMen's Jackets & Vests > InsulatedMen's Insulated Jackets & Vests > Men's DAS® Parka
93,Men's Dirt Craft Bike Pants,0,Men'sMen's > Shop by CategoryShop by Category > BottomsBottoms > PantsMen's Pants > Men's Dirt Craft Bike Pants
94,"Men's Dirt Craft Bike Shorts - 12½""",0,"Men'sMen's > Shop by CategoryShop by Category > BottomsBottoms > ShortsMen's Shorts > Men's Dirt Craft Bike Shorts - 12½"""
95,Men's Dirt Roamer Liner Bike Bibs,1,Men'sMen's > Shop by CategoryShop by Category > BottomsBottoms > ShortsMen's Shorts > Men's Dirt Roamer Liner Bike Bibs
96,Men's Dirt Roamer Bike Liner Shorts,1,Men'sMen's > Shop by CategoryShop by Category > BottomsBottoms > ShortsMen's Shorts > Men's Dirt Roamer Bike Liner Shorts
97,"Men's Dirt Roamer Bike Shorts - 12½""",0,"Men'sMen's > Shop by CategoryShop by Category > BottomsBottoms > ShortsMen's Shorts > Men's Dirt Roamer Bike Shorts - 12½"""
98,Men's Dirt Roamer Storm Bike Jacket,0,Men'sMen's > Shop by CategoryShop by Category > Jackets & VestsMen's Jackets & Vests > Men's Dirt Roamer Storm Bike Jacket
99,Men's Dirt Roamer Storm Bike Pants,0,Men'sMen's > Shop by CategoryShop by Category > BottomsBottoms > PantsMen's Pants > Men's Dirt Roamer Storm Bike Pants
100,Men's Down Sweater™ Hoody,0,Men'sMen's > Shop by CategoryShop by Category > Jackets & VestsMen's Jackets & Vests > InsulatedMen's Insulated Jackets & Vests > Men's Down Sweater™ Hoody
101,Men's Down Sweater™ Jacket,0,Men'sMen's > Shop by CategoryShop by Category > Jackets & VestsMen's Jackets & Vests > InsulatedMen's Insulated Jackets & Vests > Men's Down Sweater™ Jacket
102,Men's Down Sweater™ Vest,0,Men'sMen's > Shop by CategoryShop by Category > Jackets & VestsMen's Jackets & Vests > VestsVests > Men's Down Sweater™ Vest
103,Men's Downdrift Jacket,0,Men'sMen's > Shop by CategoryShop by Category > Jackets & VestsMen's Jackets & Vests > InsulatedMen's Insulated Jackets & Vests > Men's Downdrift Jacket
104,Men's Downdrift Vest,0,Men'sMen's > Shop by CategoryShop by Category > Jackets & VestsMen's Jackets & Vests > Men's Downdrift Vest
105,"Men's Endless Run Shorts - 6""",0,"Men'sMen's > Shop by CategoryShop by Category > BottomsBottoms > ShortsMen's Shorts > Men's Endless Run Shorts - 6"""
106,Men's Endless Run Tights,0,Men'sMen's > Shop by CategoryShop by Category > BottomsBottoms > PantsMen's Pants > Men's Endless Run Tights
107,Men's Fitz Roy Down Hoody,0,Men'sMen's > Shop by CategoryShop by Category > Jackets & VestsMen's Jackets & Vests > InsulatedMen's Insulated Jackets & Vests > Men's Fitz Roy Down Hoody
108,Men's Fitz Roy Icon Responsibili-Tee®,2,Men'sMen's > Shop by CategoryShop by Category > TopsTops > T-ShirtsMen's T-shirts > Short SleeveShort Sleeve Tees > Men's Fitz Roy Icon Responsibili-Tee®
109,Men's Fjord Flannel Shirt,1,Men'sMen's > Shop by CategoryShop by Category > TopsTops > Button DownButton-Down Shirts > Men's Fjord Flannel Shirt
110,Men's Fjord Loft Shirt,1,Men'sMen's > Shop by CategoryShop by Category > TopsTops > Button DownButton-Down Shirts > Men's Fjord Loft Shirt
111,Men's Pile-Lined Fjord Loft Shirt Jacket,1,Men'sMen's > Shop by CategoryShop by Category > Jackets & VestsMen's Jackets & Vests > Men's Pile-Lined Fjord Loft Shirt Jacket
112,Men’s Flying Fish Responsibili-Tee®,2,Men'sMen's > Shop by CategoryShop by Category > TopsTops > T-ShirtsMen's T-shirts > Men’s Flying Fish Responsibili-Tee®
113,Men's Granite Crest Rain Jacket,0,Men'sMen's > Shop by CategoryShop by Category > Jackets & VestsMen's Jackets & Vests > Men's Granite Crest Rain Jacket
114,Men's Granite Crest Rain Pants,0,Men'sMen's > Shop by CategoryShop by Category > BottomsBottoms > PantsMen's Pants > Men's Granite Crest Rain Pants
115,Men's Hi-Loft Nano Puff® Hoody,0,Men'sMen's > Shop by CategoryShop by Category > Jackets & VestsMen's Jackets & Vests > InsulatedMen's Insulated Jackets & Vests > SyntheticSynthetic Insulated Jackets > Men's Hi-Loft Nano Puff® Hoody
116,Men's Home Water Trout Organic T-Shirt,2,Men'sMen's > Shop by CategoryShop by Category > TopsTops > Short SleeveShort Sleeve > Men's Home Water Trout Organic T-Shirt
117,"Men's Home Waters Volley Shorts - 16""",1,"FeaturedFeatured > Past Season GearWeb Specials > Men'sMen's > BoardshortsBoardshorts > Men's Home Waters Volley Shorts - 16"""
118,Men's Houdini Jacket,0,Men'sMen's > Shop by CategoryShop by Category > Jackets & VestsMen's Jackets & Vests > Men's Houdini Jacket
119,"Men's Hydrolock Boardshorts 2.0 - 19""",0,"Men'sMen's > Shop by CategoryShop by Category > Boardshorts & RashguardsBoardshorts & Rashguards > Men's Hydrolock Boardshorts 2.0 - 19"""
120,"Men's Hydropeak Boardshorts - 18""",0,"FeaturedFeatured > Past Season GearWeb Specials > Men'sMen's > BoardshortsBoardshorts > Men's Hydropeak Boardshorts - 18"""
121,"Men's Hydropeak Boardshorts - 21""",0,"FeaturedFeatured > Past Season GearWeb Specials > Men'sMen's > BoardshortsBoardshorts > Men's Hydropeak Boardshorts - 21"""
122,"Men's Hydropeak Hybrid Walk Shorts - 18""",0,"Men'sMen's > Shop by CategoryShop by Category > BottomsBottoms > ShortsMen's Shorts > Men's Hydropeak Hybrid Walk Shorts - 18"""
123,"Men's Hydropeak Side Shore Boardshorts - 18""",0,"FeaturedFeatured > Past Season GearWeb Specials > Men'sMen's > BoardshortsBoardshorts > Men's Hydropeak Side Shore Boardshorts - 18"""
124,"Men's Hydropeak Volley Shorts - 16""",0,"Men'sMen's > Shop by CategoryShop by Category > Boardshorts & RashguardsBoardshorts & Rashguards > Men's Hydropeak Volley Shorts - 16"""
125,Men's Insulated Powder Town Jacket,0,Men'sMen's > Shop by CategoryShop by Category > Jackets & VestsMen's Jackets & Vests > Ski/SnowboardingSki/Snowboarding > Men's Insulated Powder Town Jacket
126,Men's Insulated Powder Town Pants - Regular,0,Men'sMen's > Shop by CategoryShop by Category > BottomsBottoms > Snow & Alpine PantsMen's Snow & Alpine Pants > Men's Insulated Powder Town Pants - Regular
127,Men's Insulated Powder Town Pants - Short,0,Men'sMen's > Shop by CategoryShop by Category > BottomsBottoms > Snow & Alpine PantsMen's Snow & Alpine Pants > Men's Insulated Powder Town Pants - Short
128,Men's Insulated Storm Shift Jacket,0,SportsSports > SnowSnow > Men'sMen's Snow > All MountainMen's All Mountain Styles > Men's Insulated Storm Shift Jacket
129,Men's Insulated Storm Shift Pants,0,SportsSports > SnowSnow > Men'sMen's Snow > All MountainMen's All Mountain Styles > Men's Insulated Storm Shift Pants
130,Men's Iron Forge® Fleece-Lined 5-Pocket Work Pants - Regular,1,Men'sMen's > Shop by CategoryShop by Category > BottomsBottoms > Men's Iron Forge® Fleece-Lined 5-Pocket Work Pants - Regular
131,Men's Iron Forge® Fleece-Lined 5-Pocket Work Pants - Short,1,Men'sMen's > Shop by CategoryShop by Category > BottomsBottoms > Men's Iron Forge® Fleece-Lined 5-Pocket Work Pants - Short
132,Men's Iron Forge® Bib Work Overalls - Regular,1,SportsSports > WorkwearWorkwear > Men's Iron Forge® Bib Work Overalls - Regular
133,Men's Iron Forge® Bib Work Overalls - Short,1,SportsSports > WorkwearWorkwear > Men's Iron Forge® Bib Work Overalls - Short
134,Men's Iron Forge® Canvas Chore Coat,1,SportsSports > WorkwearWorkwear > Men'sMen's Workwear > Men's Iron Forge® Canvas Chore Coat
135,Men's Iron Forge® Double Knee Work Pants - Short,1,SportsSports > WorkwearWorkwear > Men's Iron Forge® Double Knee Work Pants - Short
136,Men's Iron Forge® Insulated Work Overalls - Regular,1,Men'sMen's > Shop by CategoryShop by Category > BottomsBottoms > Men's Iron Forge® Insulated Work Overalls - Regular
137,Men's Isthmus Deck Jacket,0,Men'sMen's > Shop by CategoryShop by Category > Jackets & VestsMen's Jackets & Vests > CasualCasual Jackets > Men's Isthmus Deck Jacket
138,Men's Isthmus Parka,0,Men'sMen's > Shop by CategoryShop by Category > Jackets & VestsMen's Jackets & Vests > Parkas & CoatsMen's Parkas & Coats > Men's Isthmus Parka
139,Men's Jackson Glacier Rain Jacket,0,Men'sMen's > Shop by CategoryShop by Category > Jackets & VestsMen's Jackets & Vests > Men's Jackson Glacier Rain Jacket
140,Men's Jackson Glacier Jacket,0,Men'sMen's > Shop by CategoryShop by Category > Jackets & VestsMen's Jackets & Vests > Men's Jackson Glacier Jacket
141,Men's Jackson Glacier Parka,0,Men'sMen's > Shop by CategoryShop by Category > Jackets & VestsMen's Jackets & Vests > Parkas & CoatsMen's Parkas & Coats > Men's Jackson Glacier Parka
142,"Men's Landfarer Bike Shorts - 13""",0,"Men'sMen's > Shop by CategoryShop by Category > BottomsBottoms > ShortsMen's Shorts > Men's Landfarer Bike Shorts - 13"""
143,Men's Light Gust Jacket,0,Men'sMen's > Shop by CategoryShop by Category > Jackets & VestsMen's Jackets & Vests > CasualCasual Jackets > Men's Light Gust Jacket
144,Men's Light Gust Shirt Jacket,0,Men'sMen's > Shop by CategoryShop by Category > Jackets & VestsMen's Jackets & Vests > CasualCasual Jackets > Men's Light Gust Shirt Jacket
145,Men's Light Gust Vest,0,Men'sMen's > Shop by CategoryShop by Category > Jackets & VestsMen's Jackets & Vests > CasualCasual Jackets > Men's Light Gust Vest
146,Men's Daily Pocket Tee,2,Men'sMen's > Shop by CategoryShop by Category > TopsTops > Short SleeveShort Sleeve > Men's Daily Pocket Tee
147,Men's Lightweight Insulated Fjord Flannel Shirt,1,
148,Men's Lightweight Stormshadow Jacket,0,Men'sMen's > Shop by CategoryShop by Category > Jackets & VestsMen's Jackets & Vests > Parkas & CoatsMen's Parkas & Coats > Men's Lightweight Stormshadow Jacket
149,Men's Lightweight Synchilla® Snap-T® Fleece Pullover,1,Men'sMen's > Shop by CategoryShop by Category > FleeceMen's Fleece > PulloversPullovers > Men's Lightweight Synchilla® Snap-T® Fleece Pullover
150,Men's Lightweight Unity Fitz Wildrise Crewneck,2,Men'sMen's > Shop by CategoryShop by Category > FleeceMen's Fleece > Men's Lightweight Unity Fitz Wildrise Crewneck
151,Men's Long-Sleeved Berm Logo Responsibili-Tee®,2,Men'sMen's > Shop by CategoryShop by Category > TopsTops > T-ShirtsMen's T-shirts > Long SleeveLong Sleeve Tees > Men's Long-Sleeved Berm Logo Responsibili-Tee®
152,Men's Long-Sleeved Capilene® Cool Daily Graphic Shirt - Lands,1,Men'sMen's > Shop by CategoryShop by Category > TopsTops > Long SleeveLong Sleeve > Men's Long-Sleeved Capilene® Cool Daily Graphic Shirt - Lands
153,Men's Long-Sleeved Capilene® Cool Daily Graphic Shirt - Waters,1,Men'sMen's > Shop by CategoryShop by Category > TopsTops > Men's Long-Sleeved Capilene® Cool Daily Graphic Shirt - Waters
154,Men's Long-Sleeved Capilene® Cool Daily Graphic Shirt,1,Men'sMen's > Shop by CategoryShop by Category > TopsTops > Long SleeveLong Sleeve > Men's Long-Sleeved Capilene® Cool Daily Graphic Shirt
155,Men's Long-Sleeved Capilene® Cool Merino Blend Graphic Shirt,1,Men'sMen's > Shop by CategoryShop by Category > TopsTops > Long SleeveLong Sleeve > Men's Long-Sleeved Capilene® Cool Merino Blend Graphic Shirt
156,Men's Long-Sleeved Capilene® Cool Merino Blend Shirt,1,Men'sMen's > Shop by CategoryShop by Category > TopsTops > T-ShirtsMen's T-shirts > Men's Long-Sleeved Capilene® Cool Merino Blend Shirt
157,Men's Long-Sleeved Chouinard® Crest Responsibili-Tee®,2,Men'sMen's > Shop by CategoryShop by Category > TopsTops > T-ShirtsMen's T-shirts > Men's Long-Sleeved Chouinard® Crest Responsibili-Tee®
158,Men's Long-Sleeved Dirt Craft Bike Jersey,1,Men'sMen's > Shop by CategoryShop by Category > TopsTops > Men's Long-Sleeved Dirt Craft Bike Jersey
159,Men's Long-Sleeved Driftways Organic Shirt,2,Men'sMen's > Shop by CategoryShop by Category > TopsTops > T-ShirtsMen's T-shirts > Short SleeveShort Sleeve Tees > Men's Long-Sleeved Driftways Organic Shirt
160,Men's Long-Sleeved Early Rise Snap Shirt,0,Men'sMen's > Shop by CategoryShop by Category > TopsTops > Button DownButton-Down Shirts > Men's Long-Sleeved Early Rise Snap Shirt
161,Men's Long-Sleeved Essential Tee,1,Men'sMen's > Shop by CategoryShop by Category > TopsTops > T-ShirtsMen's T-shirts > Men's Long-Sleeved Essential Tee
162,Men's Long-Sleeved Home Water Trout Responsibili-Tee®,2,Men'sMen's > Shop by CategoryShop by Category > TopsTops > Long SleeveLong Sleeve > Men's Long-Sleeved Home Water Trout Responsibili-Tee®
163,Men's Long-Sleeved Lightweight Fjord Flannel Shirt,1,Men'sMen's > Shop by CategoryShop by Category > TopsTops > Button DownButton-Down Shirts > Men's Long-Sleeved Lightweight Fjord Flannel Shirt
164,Men's Long-Sleeved P-6 Logo Responsibili-Tee®,2,Men'sMen's > Shop by CategoryShop by Category > TopsTops > Long SleeveLong Sleeve > Men's Long-Sleeved P-6 Logo Responsibili-Tee®
165,Men's Long-Sleeved RØ™ Surf Top,1,Men'sMen's > Shop by CategoryShop by Category > Boardshorts & RashguardsBoardshorts & Rashguards > BoardshortsMen's Board Shorts > Men's Long-Sleeved RØ™ Surf Top
166,Men's Long-Sleeved Self-Guided Sun Shirt,1,Men'sMen's > Shop by CategoryShop by Category > TopsTops > Long SleeveLong Sleeve > Men's Long-Sleeved Self-Guided Sun Shirt
167,Men's Long-Sleeved Shop Sticker Pocket Responsibili-Tee®,2,Men'sMen's > Shop by CategoryShop by Category > TopsTops > T-ShirtsMen's T-shirts > Long SleeveLong Sleeve Tees > Men's Long-Sleeved Shop Sticker Pocket Responsibili-Tee®
168,Men's Long-Sleeved Strataspire Responsibili-Tee®,2,Men'sMen's > Shop by CategoryShop by Category > TopsTops > T-ShirtsMen's T-shirts > Long SleeveLong Sleeve Tees > Men's Long-Sleeved Strataspire Responsibili-Tee®
169,Men's M10™ Storm Jacket,0,SportsSports > ClimbingClimbing > Men'sMen's > Jackets & VestsClimbing Jackets & Vests > Shell JacketsClimbing Shell Jackets > Men's M10™ Storm Jacket
170,Men's M10™ Storm Pants,0,SportsSports > ClimbingClimbing > Men'sMen's > Pants & ShortsClimbing Pants > Men's M10™ Storm Pants
171,Men's M10™ Anorak,0,Men'sMen's > Shop by CategoryShop by Category > Jackets & VestsMen's Jackets & Vests > Men's M10™ Anorak
172,Men's Merino Blend 3/4-Sleeved Bike Jersey,1,Men'sMen's > Shop by CategoryShop by Category > TopsTops > Long SleeveLong Sleeve > Men's Merino Blend 3/4-Sleeved Bike Jersey
173,Men's Micro D™ Fleece Crewneck,1,Men'sMen's > Shop by CategoryShop by Category > TopsTops > Sweatshirts & HoodiesMen's Sweatshirts & Hoodies > Men's Micro D™ Fleece Crewneck
174,Men's Micro D™ Fleece Jacket,1,Men'sMen's > Shop by CategoryShop by Category > Jackets & VestsMen's Jackets & Vests > Men's Micro D™ Fleece Jacket
175,Men's Micro D™ Fleece Shirt,1,Men'sMen's > Shop by CategoryShop by Category > TopsTops > Button DownButton-Down Shirts > Men's Micro D™ Fleece Shirt
176,Men's Micro D™ Fleece Pullover,1,Men'sMen's > Shop by CategoryShop by Category > FleeceMen's Fleece > PulloversPullovers > Men's Micro D™ Fleece Pullover
177,Men's Micro Puff® Hoody,0,Men'sMen's > Shop by CategoryShop by Category > Jackets & VestsMen's Jackets & Vests > InsulatedMen's Insulated Jackets & Vests > Men's Micro Puff® Hoody
178,Men's Micro Puff® Jacket,0,Men'sMen's > Shop by CategoryShop by Category > Jackets & VestsMen's Jackets & Vests > InsulatedMen's Insulated Jackets & Vests > Men's Micro Puff® Jacket
179,Men's Microdini 1/2-Zip Fleece Pullover,0,Men'sMen's > Shop by CategoryShop by Category > FleeceMen's Fleece > PulloversPullovers > Men's Microdini 1/2-Zip Fleece Pullover
180,Men's Mixed Alpine Pants,0,Men'sMen's > Shop by CategoryShop by Category > BottomsBottoms > PantsMen's Pants > Rock ClimbingClimbing Pants > Men's Mixed Alpine Pants
181,"Men's Multi Trails Shorts - 8""",0,"Men'sMen's > Shop by CategoryShop by Category > BottomsBottoms > ShortsMen's Shorts > Men's Multi Trails Shorts - 8"""
182,Men's Nano-Air® Light Hybrid Hoody,0,Men'sMen's > Shop by CategoryShop by Category > Jackets & VestsMen's Jackets & Vests > InsulatedMen's Insulated Jackets & Vests > Men's Nano-Air® Light Hybrid Hoody
183,Men's Nano-Air® Light Hybrid Jacket,0,Men'sMen's > Shop by CategoryShop by Category > Jackets & VestsMen's Jackets & Vests > InsulatedMen's Insulated Jackets & Vests > Men's Nano-Air® Light Hybrid Jacket
184,Men's Nano-Air® Light Bottoms,0,Men'sMen's > Shop by CategoryShop by Category > BottomsBottoms > PantsMen's Pants > Men's Nano-Air® Light Bottoms
185,Men's Nano-Air® Light Vest,0,Men'sMen's > Shop by CategoryShop by Category > Jackets & VestsMen's Jackets & Vests > Men's Nano-Air® Light Vest
186,Men's Nano-Air® Ultralight Freeride Jacket,0,Men'sMen's > Shop by CategoryShop by Category > Jackets & VestsMen's Jackets & Vests > InsulatedMen's Insulated Jackets & Vests > ActiveActive Insulated Jackets > Men's Nano-Air® Ultralight Freeride Jacket
187,Men's Nano-Air® Ultralight Full-Zip Hoody,0,Men'sMen's > Shop by CategoryShop by Category > Jackets & VestsMen's Jackets & Vests > InsulatedMen's Insulated Jackets & Vests > Men's Nano-Air® Ultralight Full-Zip Hoody
188,Men's Nano-Air® Ultralight Pullover,0,Men'sMen's > Shop by CategoryShop by Category > Jackets & VestsMen's Jackets & Vests > InsulatedMen's Insulated Jackets & Vests > Men's Nano-Air® Ultralight Pullover
189,Men's Nano Puff® Fitz Roy Trout Hoody,0,Men'sMen's > Shop by CategoryShop by Category > Jackets & VestsMen's Jackets & Vests > InsulatedMen's Insulated Jackets & Vests > SyntheticSynthetic Insulated Jackets > Men's Nano Puff® Fitz Roy Trout Hoody
190,Men's Nano Puff® Hoody,0,Men'sMen's > Shop by CategoryShop by Category > Jackets & VestsMen's Jackets & Vests > InsulatedMen's Insulated Jackets & Vests > Men's Nano Puff® Hoody
191,Men's Nano Puff® Jacket,0,Men'sMen's > Shop by CategoryShop by Category > Jackets & VestsMen's Jackets & Vests > InsulatedMen's Insulated Jackets & Vests > Men's Nano Puff® Jacket
192,Men's Nano Puff® Vest,0,Men'sMen's > Shop by CategoryShop by Category > Jackets & VestsMen's Jackets & Vests > VestsVests > Men's Nano Puff® Vest
193,Men's Nether Bike Shorts,1,Men'sMen's > Shop by CategoryShop by Category > BottomsBottoms > ShortsMen's Shorts > Men's Nether Bike Shorts
194,Men's Nomader Jacket,1,Men'sMen's > Shop by CategoryShop by Category > Jackets & VestsMen's Jackets & Vests > Men's Nomader Jacket
195,Men's Nomader Shirt,1,Men'sMen's > Shop by CategoryShop by Category > TopsTops > Short SleeveShort Sleeve > Men's Nomader Shirt
196,Men's Nomader Shorts,1,FeaturedFeatured > Past Season GearWeb Specials > Men'sMen's > ShortsShorts > Men's Nomader Shorts
197,Men's Nomader Joggers,1,Men'sMen's > Shop by CategoryShop by Category > BottomsBottoms > PantsMen's Pants > Men's Nomader Joggers
198,Men's Nomader Volley Shorts,1,Men'sMen's > Shop by CategoryShop by Category > Boardshorts & RashguardsBoardshorts & Rashguards > Men's Nomader Volley Shorts
199,Men's Organic Cotton Corduroy Jeans - Regular,1,Men'sMen's > Shop by CategoryShop by Category > BottomsBottoms > PantsMen's Pants > Men's Organic Cotton Corduroy Jeans - Regular
200,Men's Outdoor Everyday Marsupial Pullover,0,Men'sMen's > Shop by CategoryShop by Category > Jackets & VestsMen's Jackets & Vests > Men's Outdoor Everyday Marsupial Pullover
201,Men's Outdoor Everyday Pants,0,Men'sMen's > Shop by CategoryShop by Category > BottomsBottoms > PantsMen's Pants > Men's Outdoor Everyday Pants
202,Men's P-6 Logo Responsibili-Tee®,2,Men'sMen's > Shop by CategoryShop by Category > TopsTops > Short SleeveShort Sleeve > Men's P-6 Logo Responsibili-Tee®
203,"Men's Peak Mission Tights - 28""",1,"Men'sMen's > Shop by CategoryShop by Category > BottomsBottoms > PantsMen's Pants > Men's Peak Mission Tights - 28"""
204,Men's Pluma PRO Bibs,0,Men'sMen's > Shop by CategoryShop by Category > BottomsBottoms > PantsMen's Pants > Rock ClimbingClimbing Pants > Men's Pluma PRO Bibs
205,Men's Pluma PRO Jacket,0,Men'sMen's > Shop by CategoryShop by Category > Jackets & VestsMen's Jackets & Vests > ClimbingClimbing > Men's Pluma PRO Jacket
206,Men's Point Reyes Canvas Gi Pants,1,Men'sMen's > Shop by CategoryShop by Category > BottomsBottoms > PantsMen's Pants > CasualCasual Pants > Men's Point Reyes Canvas Gi Pants
207,Men's Point Reyes Canvas Jacket,1,Men'sMen's > Shop by CategoryShop by Category > Jackets & VestsMen's Jackets & Vests > CasualCasual Jackets > Men's Point Reyes Canvas Jacket
208,Men's Point Reyes Canvas Shirt,1,Men'sMen's > Shop by CategoryShop by Category > TopsTops > Button DownButton-Down Shirts > Men's Point Reyes Canvas Shirt
209,Men's Powder Town Jacket,0,Men'sMen's > Shop by CategoryShop by Category > Jackets & VestsMen's Jackets & Vests > Ski/SnowboardingSki/Snowboarding > Men's Powder Town Jacket
210,Men's Powder Town Pants - Regular,0,Men'sMen's > Shop by CategoryShop by Category > BottomsBottoms > Snow & Alpine PantsMen's Snow & Alpine Pants > Men's Powder Town Pants - Regular
211,Men's Powder Town Pants - Short,0,Men'sMen's > Shop by CategoryShop by Category > BottomsBottoms > Snow & Alpine PantsMen's Snow & Alpine Pants > Men's Powder Town Pants - Short
212,Men's PowSlayer Jacket,0,Men'sMen's > Shop by CategoryShop by Category > Jackets & VestsMen's Jackets & Vests > Hard ShellMen's Hard Shell Jackets > Men's PowSlayer Jacket
213,Men's PowSlayer Pants,0,Men'sMen's > Shop by CategoryShop by Category > BottomsBottoms > Snow & Alpine PantsMen's Snow & Alpine Pants > Men's PowSlayer Pants
214,Men's Quandary Convertible Pants,0,Men'sMen's > Shop by CategoryShop by Category > BottomsBottoms > PantsMen's Pants > Men's Quandary Convertible Pants
215,Men's Quandary Joggers,0,Men'sMen's > Shop by CategoryShop by Category > BottomsBottoms > PantsMen's Pants > Men's Quandary Joggers
216,Men's Quandary Pants - Regular,0,Men'sMen's > Shop by CategoryShop by Category > BottomsBottoms > PantsMen's Pants > Men's Quandary Pants - Regular
217,Men's Quandary Pants - Short,0,Men'sMen's > Shop by CategoryShop by Category > BottomsBottoms > PantsMen's Pants > Men's Quandary Pants - Short
218,"Men's Quandary Shorts - 10""",0,"Men'sMen's > Shop by CategoryShop by Category > BottomsBottoms > ShortsMen's Shorts > Men's Quandary Shorts - 10"""
219,Men's RØ™ Surf Top,1,Men'sMen's > Shop by CategoryShop by Category > TopsTops > Tech TeesMen's Tech Tees > Men's RØ™ Surf Top
220,Men's R1® Air Fleece Crewneck,1,Men'sMen's > Shop by CategoryShop by Category > FleeceMen's Fleece > TechnicalMen's Technical Fleece > Men's R1® Air Fleece Crewneck
221,Men's R1® Air Fleece Full-Zip Hoody,1,Men'sMen's > Shop by CategoryShop by Category > FleeceMen's Fleece > TechnicalMen's Technical Fleece > Men's R1® Air Fleece Full-Zip Hoody
222,Men's R1® Air Fleece Jacket,1,Men'sMen's > Shop by CategoryShop by Category > FleeceMen's Fleece > TechnicalMen's Technical Fleece > Men's R1® Air Fleece Jacket
223,Men's R1® Air Fleece Vest,1,Men'sMen's > Shop by CategoryShop by Category > FleeceMen's Fleece > TechnicalMen's Technical Fleece > Men's R1® Air Fleece Vest
224,Men's R1® Air Fleece Zip-Neck,1,Men'sMen's > Shop by CategoryShop by Category > FleeceMen's Fleece > TechnicalMen's Technical Fleece > Men's R1® Air Fleece Zip-Neck
225,Men's R1® Fleece Jacket,1,Men'sMen's > Shop by CategoryShop by Category > FleeceMen's Fleece > JacketsJackets > Men's R1® Fleece Jacket
226,Men's R1® Fleece Pullover Hoody,1,Men'sMen's > Shop by CategoryShop by Category > FleeceMen's Fleece > TechnicalMen's Technical Fleece > Men's R1® Fleece Pullover Hoody
227,Men's R1® Fleece Pullover,1,Men'sMen's > Shop by CategoryShop by Category > FleeceMen's Fleece > TechnicalMen's Technical Fleece > Men's R1® Fleece Pullover
228,Men's R1® Fleece Vest,1,Men'sMen's > Shop by CategoryShop by Category > FleeceMen's Fleece > TechnicalMen's Technical Fleece > Men's R1® Fleece Vest
229,Men's R1® Fleece Pants,1,
230,Men's R1® Lite Yulex® Short John Wetsuit,4,FeaturedFeatured > Past Season GearWeb Specials > Men'sMen's > WetsuitsWetsuits > Men's R1® Lite Yulex® Short John Wetsuit
231,Men's R1® TechFace Fitz Roy Trout Hoody,0,Men'sMen's > Shop by CategoryShop by Category > Jackets & VestsMen's Jackets & Vests > Men's R1® TechFace Fitz Roy Trout Hoody
232,Men's R1® TechFace Hoody,0,Men'sMen's > Shop by CategoryShop by Category > Jackets & VestsMen's Jackets & Vests > Men's R1® TechFace Hoody
233,Men's R1® TechFace Jacket,0,Men'sMen's > Shop by CategoryShop by Category > Jackets & VestsMen's Jackets & Vests > Men's R1® TechFace Jacket
234,Men's R1® Thermal Bottoms,1,Men'sMen's > Shop by CategoryShop by Category > BottomsBottoms > PantsMen's Pants > Men's R1® Thermal Bottoms
235,Men's R1® Thermal Full-Zip Hoody,1,Men'sMen's > Shop by CategoryShop by Category > FleeceMen's Fleece > TechnicalMen's Technical Fleece > Men's R1® Thermal Full-Zip Hoody
236,Men's R1® Thermal Jacket,1,Men'sMen's > Shop by CategoryShop by Category > FleeceMen's Fleece > TechnicalMen's Technical Fleece > Men's R1® Thermal Jacket
237,Men's R1® Yulex® Impact Front-Zip Spring Suit,4,Men'sMen's > Shop by CategoryShop by Category > WetsuitsMen's Wetsuits > Men's R1® Yulex® Impact Front-Zip Spring Suit
238,Men's R1® Yulex® Regulator® Back-Zip Full Wetsuit,4,Men'sMen's > Shop by CategoryShop by Category > WetsuitsMen's Wetsuits > Men's R1® Yulex® Regulator® Back-Zip Full Wetsuit
239,Men's R1® Yulex® Regulator® Front-Zip Full Wetsuit,4,Men'sMen's > Shop by CategoryShop by Category > WetsuitsMen's Wetsuits > Men's R1® Yulex® Regulator® Front-Zip Full Wetsuit
240,Men's R2® TechFace Pants,0,Men'sMen's > Shop by CategoryShop by Category > BottomsBottoms > PantsMen's Pants > FishingFishing Pants > Men's R2® TechFace Pants
241,Men's R2® TechFace Hoody,0,Men'sMen's > Shop by CategoryShop by Category > FleeceMen's Fleece > TechnicalMen's Technical Fleece > Men's R2® TechFace Hoody
242,Men's R2® TechFace Jacket,0,Men'sMen's > Shop by CategoryShop by Category > FleeceMen's Fleece > TechnicalMen's Technical Fleece > Men's R2® TechFace Jacket
243,Men's R2® TechFace Pullover,0,Men'sMen's > Shop by CategoryShop by Category > FleeceMen's Fleece > TechnicalMen's Technical Fleece > Men's R2® TechFace Pullover
244,Men's R2® Yulex® Regulator® Back-Zip Full Wetsuit,4,Men'sMen's > Shop by CategoryShop by Category > WetsuitsMen's Wetsuits > Men's R2® Yulex® Regulator® Back-Zip Full Wetsuit
245,Men's R2® Yulex® Regulator® Front-Zip Full Wetsuit,4,Men'sMen's > Shop by CategoryShop by Category > WetsuitsMen's Wetsuits > Men's R2® Yulex® Regulator® Front-Zip Full Wetsuit
246,Men's R3® Yulex® Regulator® Back-Zip Full Wetsuit,4,Men'sMen's > Shop by CategoryShop by Category > WetsuitsMen's Wetsuits > Men's R3® Yulex® Regulator® Back-Zip Full Wetsuit
247,Men's R3® Yulex® Regulator® Front-Zip Full Wetsuit,4,Men'sMen's > Shop by CategoryShop by Category > WetsuitsMen's Wetsuits > Men's R3® Yulex® Regulator® Front-Zip Full Wetsuit
248,Men's R3® Yulex® Regulator® Front-Zip Hooded Full Wetsuit,4,Men'sMen's > Shop by CategoryShop by Category > WetsuitsMen's Wetsuits > Men's R3® Yulex® Regulator® Front-Zip Hooded Full Wetsuit
249,Men's R4® Yulex® Regulator® Front-Zip Hooded Full Wetsuit,4,Men'sMen's > Shop by CategoryShop by Category > WetsuitsMen's Wetsuits > Men's R4® Yulex® Regulator® Front-Zip Hooded Full Wetsuit
250,Men's R5® Yulex® Regulator® Front-Zip Hooded Full Wetsuit,4,Men'sMen's > Shop by CategoryShop by Category > WetsuitsMen's Wetsuits > Men's R5® Yulex® Regulator® Front-Zip Hooded Full Wetsuit
251,Men's Reclaimed Fleece Cardigan,1,Men'sMen's > Shop by CategoryShop by Category > FleeceMen's Fleece > CasualMen's Casual Fleece > Men's Reclaimed Fleece Cardigan
252,Men's Reclaimed Fleece Hoody,1,Men'sMen's > Shop by CategoryShop by Category > FleeceMen's Fleece > PulloversPullovers > Men's Reclaimed Fleece Hoody
253,Men's Reclaimed Fleece Jacket,1,Men'sMen's > Shop by CategoryShop by Category > Jackets & VestsMen's Jackets & Vests > Men's Reclaimed Fleece Jacket
254,Men's Recycled Wool-Blend Sweater,1,Men'sMen's > Shop by CategoryShop by Category > TopsTops > SweatersMen's Sweaters > Men's Recycled Wool-Blend Sweater
255,Men's Retro Pile Fleece Jacket,1,Men'sMen's > Shop by CategoryShop by Category > FleeceMen's Fleece > Men's Retro Pile Fleece Jacket
256,Men's Retro Pile Fleece Vest,1,Men'sMen's > Shop by CategoryShop by Category > FleeceMen's Fleece > VestsVests > Men's Retro Pile Fleece Vest
257,Men's Retro Pile Half-Snap Fleece Pullover,1,Men'sMen's > Shop by CategoryShop by Category > FleeceMen's Fleece > CasualMen's Casual Fleece > Men's Retro Pile Half-Snap Fleece Pullover
258,Men's Retro-X® Fleece Hoody Jacket,0,Men'sMen's > Shop by CategoryShop by Category > Jackets & VestsMen's Jackets & Vests > CasualCasual Jackets > Men's Retro-X® Fleece Hoody Jacket
259,Men's Reversible Down Better Sweater™,0,Men'sMen's > Shop by CategoryShop by Category > Jackets & VestsMen's Jackets & Vests > InsulatedMen's Insulated Jackets & Vests > DownDown Insulated Jackets > Men's Reversible Down Better Sweater™
260,Men's Reversible Silent Down Jacket,0,Men'sMen's > Shop by CategoryShop by Category > Jackets & VestsMen's Jackets & Vests > Men's Reversible Silent Down Jacket
261,Men's Shelled Insulator Pants,0,Men'sMen's > Shop by CategoryShop by Category > BottomsBottoms > PantsMen's Pants > Men's Shelled Insulator Pants
262,Men's Shop Sticker Pocket Responsibili-Tee®,2,Men'sMen's > Shop by CategoryShop by Category > TopsTops > T-ShirtsMen's T-shirts > Short SleeveShort Sleeve Tees > Men's Shop Sticker Pocket Responsibili-Tee®
263,Men's SnowDrifter Bibs,0,SportsSports > SnowSnow > Men'sMen's Snow > Snow PantsSnow Pants > Men's SnowDrifter Bibs
264,Men's SnowDrifter Jacket,0,SportsSports > SnowSnow > Men'sMen's Snow > Jackets & VestsSnow Jackets & Vests > Men's SnowDrifter Jacket
265,Men's Storm Racer Jacket,0,Men'sMen's > Shop by CategoryShop by Category > Jackets & VestsMen's Jackets & Vests > Men's Storm Racer Jacket
266,Men's Storm Shift Jacket,0,Men'sMen's > Shop by CategoryShop by Category > Jackets & VestsMen's Jackets & Vests > Men's Storm Shift Jacket
267,Men's Storm Shift Pants - Regular,0,SportsSports > SnowSnow > Women'sWomen's Snow > All MountainWomen's All Mountain Styles > Men's Storm Shift Pants - Regular
268,Men's Storm Shift Pants - Short,0,Men'sMen's > Shop by CategoryShop by Category > BottomsBottoms > Snow & Alpine PantsMen's Snow & Alpine Pants > Men's Storm Shift Pants - Short
269,Men's Stormshadow Parka,0,Men'sMen's > Shop by CategoryShop by Category > Jackets & VestsMen's Jackets & Vests > Parkas & CoatsMen's Parkas & Coats > Men's Stormshadow Parka
270,Men's Stormstride Jacket,0,SportsSports > SnowSnow > Men'sMen's Snow > Backcountry TouringMen's Backcountry Touring > Men's Stormstride Jacket
271,Men's Stormstride Pants,0,SportsSports > SnowSnow > Men'sMen's Snow > Backcountry TouringMen's Backcountry Touring > Men's Stormstride Pants
272,Men's Straight Fit Jeans - Regular,1,Men'sMen's > Shop by CategoryShop by Category > BottomsBottoms > PantsMen's Pants > Men's Straight Fit Jeans - Regular
273,Men's Strataspire Responsibili-Tee®,2,Men'sMen's > Shop by CategoryShop by Category > TopsTops > T-ShirtsMen's T-shirts > Short SleeveShort Sleeve Tees > Men's Strataspire Responsibili-Tee®
274,"Men's Strider Pro Shorts - 5""",0,"Men'sMen's > Shop by CategoryShop by Category > BottomsBottoms > ShortsMen's Shorts > Men's Strider Pro Shorts - 5"""
275,"Men's Strider Pro Shorts - 7""",0,"Men'sMen's > Shop by CategoryShop by Category > BottomsBottoms > ShortsMen's Shorts > Men's Strider Pro Shorts - 7"""
276,Men's Super Free Alpine Jacket,0,Men'sMen's > Shop by CategoryShop by Category > Jackets & VestsMen's Jackets & Vests > Hard ShellMen's Hard Shell Jackets > Men's Super Free Alpine Jacket
277,Men's Swiftcurrent® Expedition Waders,0,Men'sMen's > Shop by CategoryShop by Category > WadersMen's Waders & Boots > Men's Swiftcurrent® Expedition Waders
278,Men's Swiftcurrent® Expedition Zip-Front Waders,0,Men'sMen's > Shop by CategoryShop by Category > WadersMen's Waders & Boots > Men's Swiftcurrent® Expedition Zip-Front Waders
279,Men's Swiftcurrent® Traverse Zip-Front Waders,0,Men'sMen's > Shop by CategoryShop by Category > WadersMen's Waders & Boots > Men's Swiftcurrent® Traverse Zip-Front Waders
280,Men's Swiftcurrent® Wading Jacket,0,Men'sMen's > Shop by CategoryShop by Category > Jackets & VestsMen's Jackets & Vests > Men's Swiftcurrent® Wading Jacket
281,Men's Synchilla® Fleece Jacket,1,Men'sMen's > Shop by CategoryShop by Category > FleeceMen's Fleece > CasualMen's Casual Fleece > Men's Synchilla® Fleece Jacket
282,Men's Synchilla® Fleece Pants,0,Men'sMen's > Shop by CategoryShop by Category > BottomsBottoms > Men's Synchilla® Fleece Pants
283,Men's Synchilla® Fleece Vest,1,Men'sMen's > Shop by CategoryShop by Category > FleeceMen's Fleece > VestsVests > Men's Synchilla® Fleece Vest
284,Men's Take a Stand Responsibili-Tee®,2,Men'sMen's > Shop by CategoryShop by Category > TopsTops > Short SleeveShort Sleeve > Men's Take a Stand Responsibili-Tee®
285,Men's Terravia Alpine Pants - Short,0,Men'sMen's > Shop by CategoryShop by Category > BottomsBottoms > PantsMen's Pants > Men's Terravia Alpine Pants - Short
286,Men's Terravia Peak Pants - Regular,0,Men'sMen's > Shop by CategoryShop by Category > BottomsBottoms > PantsMen's Pants > Men's Terravia Peak Pants - Regular
287,Men's Terravia Peak Pants - Short,0,Men'sMen's > Shop by CategoryShop by Category > BottomsBottoms > PantsMen's Pants > Men's Terravia Peak Pants - Short
288,"Men's Terrebonne Shorts - 10""",0,"Men'sMen's > Shop by CategoryShop by Category > BottomsBottoms > ShortsMen's Shorts > Men's Terrebonne Shorts - 10"""
289,Men's Terrebonne Trail Joggers,0,Men'sMen's > Shop by CategoryShop by Category > BottomsBottoms > PantsMen's Pants > Men's Terrebonne Trail Joggers
290,Men's Torrentshell 3L Rain Jacket,0,Men'sMen's > Shop by CategoryShop by Category > Jackets & VestsMen's Jackets & Vests > Men's Torrentshell 3L Rain Jacket
291,Men's Torrentshell 3L Rain Pants - Regular,0,Men'sMen's > Shop by CategoryShop by Category > BottomsBottoms > PantsMen's Pants > Men's Torrentshell 3L Rain Pants - Regular
292,Men's Torrentshell 3L Rain Pants - Short,0,Men'sMen's > Shop by CategoryShop by Category > BottomsBottoms > PantsMen's Pants > Men's Torrentshell 3L Rain Pants - Short
293,Men's Trail Craft Bike Jacket,0,Men'sMen's > Shop by CategoryShop by Category > Jackets & VestsMen's Jackets & Vests > WindbreakerWindbreakers > Men's Trail Craft Bike Jacket
294,Men's Trail Craft Bike Vest,0,Men'sMen's > Shop by CategoryShop by Category > Jackets & VestsMen's Jackets & Vests > VestsVests > Men's Trail Craft Bike Vest
295,"Men's Trailfarer Running Shorts - 6""",0,"Men'sMen's > Shop by CategoryShop by Category > BottomsBottoms > ShortsMen's Shorts > Men's Trailfarer Running Shorts - 6"""
296,Men's Tres 3-in-1 Parka,0,Men'sMen's > Shop by CategoryShop by Category > Jackets & VestsMen's Jackets & Vests > Parkas & CoatsMen's Parkas & Coats > Men's Tres 3-in-1 Parka
297,Men's Triolet Jacket,0,Men'sMen's > Shop by CategoryShop by Category > Jackets & VestsMen's Jackets & Vests > Men's Triolet Jacket
298,Men's Triolet Pants,0,SportsSports > ClimbingClimbing > Men'sMen's > Pants & ShortsClimbing Pants > Men's Triolet Pants
299,Men's Tropic Comfort Natural Sun Crewneck,1,Men'sMen's > Shop by CategoryShop by Category > TopsTops > Long SleeveLong Sleeve > Men's Tropic Comfort Natural Sun Crewneck
300,Men's Tropic Comfort Natural Graphic Sun Hoody,1,Men'sMen's > Shop by CategoryShop by Category > TopsTops > Long SleeveLong Sleeve > Men's Tropic Comfort Natural Graphic Sun Hoody
301,Men's Tropic Comfort Natural Sun Hoody,1,Men'sMen's > Shop by CategoryShop by Category > TopsTops > Long SleeveLong Sleeve > Men's Tropic Comfort Natural Sun Hoody
302,Men's Twill Traveler 5-Pocket Pants - Long,1,FeaturedFeatured > Past Season GearWeb Specials > Men'sMen's > Pants & JeansPants & Jeans > Men's Twill Traveler 5-Pocket Pants - Long
303,Men's Twill Traveler 5-Pocket Pants - Regular,1,Men'sMen's > Shop by CategoryShop by Category > BottomsBottoms > PantsMen's Pants > CasualCasual Pants > Men's Twill Traveler 5-Pocket Pants - Regular
304,Men's Twill Traveler Chino Pants - Regular,1,Men'sMen's > Shop by CategoryShop by Category > BottomsBottoms > PantsMen's Pants > CasualCasual Pants > Men's Twill Traveler Chino Pants - Regular
305,Men's Unity Fitz Responsibili-Tee®,2,Men'sMen's > Shop by CategoryShop by Category > TopsTops > T-ShirtsMen's T-shirts > Men's Unity Fitz Responsibili-Tee®
306,Men's Untracked Bibs,0,SportsSports > SnowSnow > Men'sMen's Snow > Snow PantsSnow Pants > Men's Untracked Bibs
307,Men's Untracked Jacket,0,Men'sMen's > Shop by CategoryShop by Category > Jackets & VestsMen's Jackets & Vests > Men's Untracked Jacket
308,Men's Untracked Pants,0,SportsSports > SnowSnow > Men'sMen's Snow > Snow PantsSnow Pants > Men's Untracked Pants
309,Men's Upstride Jacket,0,SportsSports > SnowSnow > Men'sMen's Snow > Backcountry TouringMen's Backcountry Touring > Men's Upstride Jacket
310,Men's Upstride Pants,0,SportsSports > SnowSnow > Men'sMen's Snow > Backcountry TouringMen's Backcountry Touring > Men's Upstride Pants
311,Men's Venga Rock Pants - Regular,1,Men'sMen's > Shop by CategoryShop by Category > BottomsBottoms > PantsMen's Pants > Men's Venga Rock Pants - Regular
312,Men's Venga Rock Pants - Short,1,Men'sMen's > Shop by CategoryShop by Category > BottomsBottoms > PantsMen's Pants > Men's Venga Rock Pants - Short
313,Men's Venga Rock Shorts,1,Men'sMen's > Shop by CategoryShop by Category > BottomsBottoms > ShortsMen's Shorts > Men's Venga Rock Shorts
314,"Men's Wavefarer® Boardshorts - 19""",0,"FeaturedFeatured > Past Season GearWeb Specials > Men'sMen's > BoardshortsBoardshorts > Men's Wavefarer® Boardshorts - 19"""
315,"Men's Wavefarer® Hybrid Walk Shorts - 18""",0,"Men'sMen's > Shop by CategoryShop by Category > Boardshorts & RashguardsBoardshorts & Rashguards > BoardshortsMen's Board Shorts > Men's Wavefarer® Hybrid Walk Shorts - 18"""
316,Men's Wind Shield Jacket,0,Men'sMen's > Shop by CategoryShop by Category > Jackets & VestsMen's Jackets & Vests > WindbreakerWindbreakers > Men's Wind Shield Jacket
317,Men's Wind Shield Pants,0,Men'sMen's > Shop by CategoryShop by Category > BottomsBottoms > PantsMen's Pants > Men's Wind Shield Pants
318,Men's Windshadow Jacket,0,Men'sMen's > Shop by CategoryShop by Category > Jackets & VestsMen's Jackets & Vests > Men's Windshadow Jacket
319,Men's Windshadow Parka,0,Men'sMen's > Shop by CategoryShop by Category > Jackets & VestsMen's Jackets & Vests > CasualCasual Jackets > Men's Windshadow Parka
320,Men's Yulex® Impact Short John Wetsuit,4,Men'sMen's > Shop by CategoryShop by Category > WetsuitsMen's Wetsuits > Men's Yulex® Impact Short John Wetsuit
321,Men's Yulex® Impact Wetsuit Vest,4,Men'sMen's > Shop by CategoryShop by Category > WetsuitsMen's Wetsuits > Men's Yulex® Impact Wetsuit Vest
322,Men's Yulex® Regulator® Lite Front-Zip Full Wetsuit,4,Men'sMen's > Shop by CategoryShop by Category > WetsuitsMen's Wetsuits > Men's Yulex® Regulator® Lite Front-Zip Full Wetsuit
323,Men's Yulex® Regulator® Lite Front-Zip Long-Sleeved Spring Suit,4,Men'sMen's > Shop by CategoryShop by Category > WetsuitsMen's Wetsuits > Men's Yulex® Regulator® Lite Front-Zip Long-Sleeved Spring Suit
324,Men's Yulex® Regulator® Lite Front-Zip Long-Sleeved Wetsuit Top,4,Men'sMen's > Shop by CategoryShop by Category > WetsuitsMen's Wetsuits > Men's Yulex® Regulator® Lite Front-Zip Long-Sleeved Wetsuit Top
325,Men's Yulex® Regulator® Lite Front-Zip Short-Sleeved Full Wetsuit,4,Men'sMen's > Shop by CategoryShop by Category > WetsuitsMen's Wetsuits > Men's Yulex® Regulator® Lite Front-Zip Short-Sleeved Full Wetsuit
326,Men's Yulex® Regulator® Lite Long-Sleeved Wetsuit Top,4,Men'sMen's > Shop by CategoryShop by Category > WetsuitsMen's Wetsuits > Men's Yulex® Regulator® Lite Long-Sleeved Wetsuit Top
327,Men's Yulex® Regulator® Lite Short John Wetsuit,4,Men'sMen's > Shop by CategoryShop by Category > WetsuitsMen's Wetsuits > Men's Yulex® Regulator® Lite Short John Wetsuit
328,Men's Yulex® Regulator® Lite Wetsuit Vest,4,Men'sMen's > Shop by CategoryShop by Category > WetsuitsMen's Wetsuits > Men's Yulex® Regulator® Lite Wetsuit Vest
329,Merino Wool-Blend Crew Socks,1,Men'sMen's > Shop by CategoryShop by Category > Socks & UnderwearMen's Socks & Underwear > SocksMen's Socks > Merino Wool-Blend Crew Socks
330,Micro D™ Fleece Gaiter,1,Men'sMen's > Shop by CategoryShop by Category > Hats & AccessoriesMen's Hats & Accesories > Micro D™ Fleece Gaiter
331,MiiR® Fitz Etch 23-oz Double Walled Insulated Water Bottle,1,PacksPacks > Water Bottles & MoreWater Bottles & More > MiiR® Fitz Etch 23-oz Double Walled Insulated Water Bottle
332,MiiR® Geologers 12oz Insulated Camp Cup,1,PacksPacks > Water Bottles & MoreWater Bottles & More > MiiR® Geologers 12oz Insulated Camp Cup
333,Mountain Ski Pant Suspenders,1,Men'sMen's > Shop by CategoryShop by Category > Hats & AccessoriesMen's Hats & Accesories > Mountain Ski Pant Suspenders
334,Nano Puff™ Mitts,0,FeaturedFeatured > Shop by CategoryShop by Category > Hats & AccessoriesHats & Accessories > Nano Puff™ Mitts
335,Natural Blend Retro Cardigan,1,Men'sMen's > Shop by CategoryShop by Category > FleeceMen's Fleece > Natural Blend Retro Cardigan
336,P-6 Label Maclure Hat,3,Men'sMen's > Shop by CategoryShop by Category > Hats & AccessoriesMen's Hats & Accesories > HatsHats > CapsCaps > P-6 Label Maclure Hat
337,P-6 Label Trad Cap,3,FeaturedFeatured > Shop by CategoryShop by Category > Hats & AccessoriesHats & Accessories > P-6 Label Trad Cap
338,P-6 Logo LoPro Trucker Hat,3,Men'sMen's > Shop by CategoryShop by Category > Hats & AccessoriesMen's Hats & Accesories > HatsHats > CapsCaps > P-6 Logo LoPro Trucker Hat
339,P-6 Logo Trucker Hat,3,Men'sMen's > Shop by CategoryShop by Category > Hats & AccessoriesMen's Hats & Accesories > HatsHats > CapsCaps > P-6 Logo Trucker Hat
340,P-6 Logo Uprisal Hoody,2,FeaturedFeatured > Shop by CategoryShop by Category > Sweatshirts & HoodiesSweatshirts & Hoodies > P-6 Logo Uprisal Hoody
341,Powder Town Beanie,1,Men'sMen's > Shop by CategoryShop by Category > Hats & AccessoriesMen's Hats & Accesories > Powder Town Beanie
342,Powder Town Headband,1,Men'sMen's > Shop by CategoryShop by Category > Hats & AccessoriesMen's Hats & Accesories > Powder Town Headband
343,PowSlayer Backpack 38L,0,PacksPacks > Packs & GearBags & Luggage > Technical PacksTechnical Packs > Skiing & SnowboardingSnow Packs > PowSlayer Backpack 38L
344,PowSlayer Beanie,1,FeaturedFeatured > Shop by CategoryShop by Category > Hats & AccessoriesHats & Accessories > PowSlayer Beanie
345,R1® Air Beanie,1,Men'sMen's > Shop by CategoryShop by Category > Hats & AccessoriesMen's Hats & Accesories > R1® Air Beanie
346,R1® Daily Beanie,1,Men'sMen's > Shop by CategoryShop by Category > Hats & AccessoriesMen's Hats & Accesories > R1® Daily Beanie
347,R1® Daily Gloves,1,Men'sMen's > Shop by CategoryShop by Category > Hats & AccessoriesMen's Hats & Accesories > R1® Daily Gloves
348,R2® Yulex® Regulator® Split Toe Wetsuit Booties,4,"Men'sMen's > Shop by CategoryShop by Category > WetsuitsMen's Wetsuits > Booties, Gloves & HoodsWetsuit Booties, Gloves & Hoods > R2® Yulex® Regulator® Split Toe Wetsuit Booties"
349,R2® Yulex® Regulator® Wetsuit Gloves,4,"Men'sMen's > Shop by CategoryShop by Category > WetsuitsMen's Wetsuits > Booties, Gloves & HoodsWetsuit Booties, Gloves & Hoods > R2® Yulex® Regulator® Wetsuit Gloves"
350,R3® Yulex® Regulator® Split Toe Wetsuit Booties,4,"Men'sMen's > Shop by CategoryShop by Category > WetsuitsMen's Wetsuits > Booties, Gloves & HoodsWetsuit Booties, Gloves & Hoods > R3® Yulex® Regulator® Split Toe Wetsuit Booties"
351,R3® Yulex® Regulator® Wetsuit Gloves,4,"Men'sMen's > Shop by CategoryShop by Category > WetsuitsMen's Wetsuits > Booties, Gloves & HoodsWetsuit Booties, Gloves & Hoods > R3® Yulex® Regulator® Wetsuit Gloves"
352,R4® Yulex® Regulator® Round Toe Wetsuit Booties,4,"Men'sMen's > Shop by CategoryShop by Category > WetsuitsMen's Wetsuits > Booties, Gloves & HoodsWetsuit Booties, Gloves & Hoods > R4® Yulex® Regulator® Round Toe Wetsuit Booties"
353,R4® Yulex® Regulator® Three-Finger Wetsuit Mitts,4,"Men'sMen's > Shop by CategoryShop by Category > WetsuitsMen's Wetsuits > Booties, Gloves & HoodsWetsuit Booties, Gloves & Hoods > R4® Yulex® Regulator® Three-Finger Wetsuit Mitts"
354,R5® Yulex® Regulator® Round Toe Wetsuit Booties,4,"Men'sMen's > Shop by CategoryShop by Category > WetsuitsMen's Wetsuits > Booties, Gloves & HoodsWetsuit Booties, Gloves & Hoods > R5® Yulex® Regulator® Round Toe Wetsuit Booties"
355,R5® Yulex® Regulator® Wetsuit Mitts,4,"Men'sMen's > Shop by CategoryShop by Category > WetsuitsMen's Wetsuits > Booties, Gloves & HoodsWetsuit Booties, Gloves & Hoods > R5® Yulex® Regulator® Wetsuit Mitts"
356,Recycled Wool-Blend Rugby Sweater,1,Men'sMen's > Shop by CategoryShop by Category > TopsTops > SweatersMen's Sweaters > Recycled Wool-Blend Rugby Sweater
357,Refugio Daypack 26L,0,PacksPacks > Packs & GearBags & Luggage > BackpacksBackpacks > Refugio Daypack 26L
358,Refugio Daypack 30L,0,PacksPacks > Packs & GearBags & Luggage > BackpacksBackpacks > Refugio Daypack 30L
359,River Salt Wading Boots,1,Men'sMen's > Shop by CategoryShop by Category > WadersMen's Waders & Boots > BootsWading Boots > River Salt Wading Boots
360,Secure Stretch Wading Belt,1,SportsSports > Fly FishingFly Fishing > Packs & GearFly Fishing Packs & Gear > Secure Stretch Wading Belt
361,Snow Roller Bag 112L,0,
362,SnowDrifter Pack 20L,0,PacksPacks > Packs & GearBags & Luggage > Technical PacksTechnical Packs > SnowDrifter Pack 20L
363,SnowDrifter Beanie,1,Men'sMen's > Shop by CategoryShop by Category > Hats & AccessoriesMen's Hats & Accesories > SnowDrifter Beanie
364,Snowfarer Cap,0,Men'sMen's > Shop by CategoryShop by Category > Hats & AccessoriesMen's Hats & Accesories > Snowfarer Cap
365,Stand Up™ Trout Trucker Hat,3,FeaturedFeatured > Shop by CategoryShop by Category > Hats & AccessoriesHats & Accessories > Stand Up™ Trout Trucker Hat
366,Stealth Pack Fishing Vest,0,PacksPacks > Packs & GearBags & Luggage > Technical PacksTechnical Packs > Stealth Pack Fishing Vest
367,Stealth Switch Fishing Pack 9L,0,PacksPacks > Packs & GearBags & Luggage > Technical PacksTechnical Packs > Stealth Switch Fishing Pack 9L
368,Strataspire Uprisal Hoody,2,FeaturedFeatured > Shop by CategoryShop by Category > Sweatshirts & HoodiesSweatshirts & Hoodies > Strataspire Uprisal Hoody
369,Sun Gloves,1,Men'sMen's > Shop by CategoryShop by Category > Hats & AccessoriesMen's Hats & Accesories > Sun Gloves
370,Sun Mask,1,FeaturedFeatured > Shop by CategoryShop by Category > Hats & AccessoriesHats & Accessories > Sun Mask
371,Patagonia® Brimmer Hat,3,Men'sMen's > Shop by CategoryShop by Category > Hats & AccessoriesMen's Hats & Accesories > Patagonia® Brimmer Hat
372,"Surf Is Where You Find It: The Wisdom of the Waves: Any Time, Anywhere, Any Way (By Gerry Lopez)",1,"BooksBooks > Surf Is Where You Find It: The Wisdom of the Waves: Any Time, Anywhere, Any Way (By Gerry Lopez)"
373,Swiftcurrent® Ultralight Waders,0,Men'sMen's > Shop by CategoryShop by Category > WadersMen's Waders & Boots > Swiftcurrent® Ultralight Waders
374,Synchilla® Fleece Gloves,1,FeaturedFeatured > Shop by CategoryShop by Category > Hats & AccessoriesHats & Accessories > Synchilla® Fleece Gloves
375,Take a Stand Trucker Hat,3,Men'sMen's > Shop by CategoryShop by Category > Hats & AccessoriesMen's Hats & Accesories > HatsHats > CapsCaps > Take a Stand Trucker Hat
376,Tech Web Belt,1,Men'sMen's > Shop by CategoryShop by Category > Hats & AccessoriesMen's Hats & Accesories > Tech Web Belt
377,Terravia Pack 28L,0,PacksPacks > Packs & GearBags & Luggage > Technical PacksTechnical Packs > Terravia Pack 28L
378,Terrebonne Hat,3,FeaturedFeatured > Shop by CategoryShop by Category > Hats & AccessoriesHats & Accessories > Terrebonne Hat
379,Terrebonne Visor,3,Men'sMen's > Shop by CategoryShop by Category > Hats & AccessoriesMen's Hats & Accesories > Terrebonne Visor
380,Unity Fitz Uprisal Hoody,2,Men'sMen's > Shop by CategoryShop by Category > TopsTops > Sweatshirts & HoodiesMen's Sweatshirts & Hoodies > Unity Fitz Uprisal Hoody
381,Wader Repair Kit,1,Men'sMen's > Shop by CategoryShop by Category > WadersMen's Waders & Boots > AccessoriesWader Accessories > Wader Repair Kit
382,Wading Support Belt,0,Men'sMen's > Shop by CategoryShop by Category > WadersMen's Waders & Boots > AccessoriesWader Accessories > Wading Support Belt
383,Wavefarer™ Bucket Hat,0,Men'sMen's > Shop by CategoryShop by Category > Hats & AccessoriesMen's Hats & Accesories > Wavefarer™ Bucket Hat
384,Winter Duckbill Running Cap,3,FeaturedFeatured > Shop by CategoryShop by Category > Hats & AccessoriesHats & Accessories > Winter Duckbill Running Cap
385,Women's Capilene® Thermal Weight Crewneck,1,Women'sWomen's > Shop by CategoryShop by Category > Socks & UnderwearWomen's Socks & Underwear > BaselayersWomen's Baselayers > Women's Capilene® Thermal Weight Crewneck
386,Yulex® Regulator® Hooded Wetsuit Vest,4,"Men'sMen's > Shop by CategoryShop by Category > WetsuitsMen's Wetsuits > Booties, Gloves & HoodsWetsuit Booties, Gloves & Hoods > Yulex® Regulator® Hooded Wetsuit Vest"
387,Yulex® Regulator® Insertable Wetsuit Hood,4,"Men'sMen's > Shop by CategoryShop by Category > WetsuitsMen's Wetsuits > Booties, Gloves & HoodsWetsuit Booties, Gloves & Hoods > Yulex® Regulator® Insertable Wetsuit Hood"
388,Yulex® Regulator® Wetsuit Cap,4,"Men'sMen's > Shop by CategoryShop by Category > WetsuitsMen's Wetsuits > Booties, Gloves & HoodsWetsuit Booties, Gloves & Hoods > Yulex® Regulator® Wetsuit Cap"
389,Yulex® Wading Socks with Gravel Guard,4,SportsSports > Fly FishingFly Fishing > Packs & GearFly Fishing Packs & Gear > Yulex® Wading Socks with Gravel Guard
390,Yulex® Wading Socks,4,SportsSports > Fly FishingFly Fishing > Packs & GearFly Fishing Packs & Gear > Yulex® Wading Socks
391,Grade VII Down Parka,0,Men'sMen's > Shop by CategoryShop by Category > Jackets & VestsMen's Jackets & Vests > InsulatedMen's Insulated Jackets & Vests > Grade VII Down Parka
