Id,Label
0,'73 Skyline Uprisal Hoody
1,Airfarer Cap
2,AlpLoft Down Parka
3,Ascensionist Climbing Pack 35L
4,Ascensionist Climbing Pack 55L
5,Atom Tote Pack 20L
6,Beanie Hat
7,Beanie Hat
8,Better Sweater™ Fleece Gloves
9,Black Hole® Mini MLC™ Pack 30L
10,Black Hole® Pack 25L
11,Black Hole® Pack 32L
12,Boardshort Label Funfarer Cap
13,Broadcaster Hat
14,Brodeo Beanie
15,Capilene® Midweight Liner Gloves
16,Chouinard® Crest Uprisal Hoody
17,Corduroy Cap
18,Corduroy Cap
19,Cragsmith Pack 32L
20,Cragsmith Pack 45L
21,Daily Crewneck Sweatshirt
22,Daily Hoody Sweatshirt
23,Daily Tee
24,DAS® Light Pants
25,Descensionist Snow Pack 37L
26,Disperser Roll-Top Pack 40L
27,Duckbill Cap
28,Duckbill Running Trucker Hat
29,Everyday Beanie
30,Fieldsmith Lid Pack 28L
31,Fieldsmith Linked Backpack 24L
32,Fieldsmith Roll-Top Pack 32L
33,Fisherman's Rolled Beanie
34,Fitz Roy Icon Trad Cap
35,Fitz Roy Icon Uprisal Crewneck Sweatshirt
36,Fitz Roy Icon Uprisal Hoody
37,Fitz Roy Trout Trucker Hat
38,Fitz Roy Trout Trucker Hat
39,Fitz Roy Trout Trucker Hat
40,Fly Catcher Hat
41,Flying Fish LoPro Trucker Hat
42,Foot Tractor Aluminum Bar Replacement Kit - Danner®
43,Foot Tractor Wading Boots - Aluminum Bar Sole
44,Foot Tractor Wading Boots - Felt Sole
45,Foot Tractor Wading Boots - Sticky Rubber Sole
46,Forra Wading Boots - Grip Studs™ Traction Kit
47,Forra Wading Boots
48,Friction Belt
49,Graphic Maclure Hat
50,Great Divider Boat Bag 26L
51,Guidewater Backpack 29L
52,Guidewater Duffel 80L
53,Guidewater Hip Pack 9L
54,Guidewater Sling Pack 15L
55,Heavyweight Merino Wool-Blend Knee Socks
56,Home Water Trout Uprisal Hoody
57,Homepool Mitt Fishing Gloves
58,Men’s Flying Fish Responsibili-Tee®
59,"Men's Funhoggers™ Shorts - 6"""
60,Merino Wool-Blend Crew Socks
61,Micro D™ Fleece Gaiter
62,MiiR® Fitz Etch 23-oz Double Walled Insulated Water Bottle
63,MiiR® Geologers 12oz Insulated Camp Cup
64,Mountain Ski Pant Suspenders
65,Nano Puff™ Mitts
66,Overlook Merino Wool Liner Beanie
67,P-6 Label Maclure Hat
68,P-6 Label Maclure Hat
69,P-6 Label Trad Cap
70,P-6 Label Trad Cap
71,P-6 Logo LoPro Trucker Hat
72,P-6 Logo LoPro Trucker Hat
73,P-6 Logo LoPro Trucker Hat
74,P-6 Logo Trucker Hat
75,P-6 Logo Trucker Hat
76,P-6 Logo Trucker Hat
77,P-6 Logo Trucker Hat
78,P-6 Logo Uprisal Hoody
79,Powder Town Beanie
80,Powder Town Headband
81,PowSlayer Backpack 38L
82,PowSlayer Beanie
83,R1® Air Beanie
84,R1® Daily Beanie
85,R1® Daily Gloves
86,R2® Yulex® Regulator® Split Toe Wetsuit Booties
87,R2® Yulex® Regulator® Wetsuit Gloves
88,R3® Yulex® Regulator® Split Toe Wetsuit Booties
89,R3® Yulex® Regulator® Wetsuit Gloves
90,R4® Yulex® Regulator® Round Toe Wetsuit Booties
91,R4® Yulex® Regulator® Three-Finger Wetsuit Mitts
92,R5® Yulex® Regulator® Round Toe Wetsuit Booties
93,R5® Yulex® Regulator® Wetsuit Mitts
94,Range Earflap Cap
95,Recycled Wool-Blend Rugby Sweater
96,Refugio Daypack 26L
97,Refugio Daypack 30L
98,River Salt Wading Boots
99,Secure Stretch Wading Belt
100,Snow Roller Bag 112L
101,SnowDrifter Pack 20L
102,SnowDrifter Beanie
103,Snowfarer Cap
104,Stand Up™ Trout Trucker Hat
105,Stand Up™ Trout Trucker Hat
106,Stand Up™ Trout Trucker Hat
107,Strataspire Uprisal Hoody
108,Sun Gloves
109,Sun Mask
110,Patagonia® Brimmer Hat
111,"Surf Is Where You Find It: The Wisdom of the Waves: Any Time, Anywhere, Any Way (By Gerry Lopez)"
112,Swiftcurrent® Ultralight Waders
113,Synchilla® Fleece Anorak Pullover
114,Synchilla® Fleece Gloves
115,Take a Stand Trucker Hat
116,Tech Web Belt
117,Terrebonne Hat
118,Terrebonne Hat
119,Tin Shed Hat
120,Unity Fitz Uprisal Hoody
121,Wader Repair Kit
122,Wading Support Belt
123,Wavefarer™ Bucket Hat
124,Winter Duckbill Running Cap
125,Women's Ahnya Full-Zip Hoody
126,Women's Ahnya Pullover
127,Women's Ahnya Pants
128,Women's Airshed Pro Pullover
129,Women's All Seasons Bib Work Overalls - Regular
130,Women's All Seasons Bib Work Overalls - Short
131,Women's All Seasons Bomber Hoody Work Jacket
132,Women's All Seasons Double Knee Work Pants - Regular
133,Women's All Seasons Double Knee Work Pants - Short
134,Women's All Seasons Work Vest
135,Women's Alpine Guide Pants - Regular
136,Women's Alpine Guide Pants - Short
137,Women's Terravia Alpine Pants - Regular
138,Women's Amber Dawn Dress
139,"Women's Baggies™ Shorts - 5"""
140,"Women's Barely Baggies™ Shorts - 2½"""
141,Women's Better Sweater™ Fleece Jacket
142,Women's Better Sweater™ Fleece Vest
143,Women's Better Sweater™ 1/4-Zip Fleece
144,Women's Big Water Foul Weather Bibs
145,Women's Big Water Foul Weather Jacket
146,Women's Bottom Turn Bikini Top
147,Women's Bottom Turn Bikini Top
148,Women's Boulder Fork Rain Jacket
149,Women's Caliza Rock Pants - Short
150,Women's Caliza Rock Pants - Regular
151,Women's Cami Bikini Top
152,Women's Cami Bikini Top
153,Women's Canyonite Flannel Shirt
154,Women's Capilene® Cool Daily Graphic Shirt - Lands
155,Women's Capilene® Cool Daily Graphic Shirt - Waters
156,Women's Capilene® Cool Daily Graphic Shirt
157,Women's Capilene® Cool Merino Blend Graphic Shirt
158,Women's Capilene® Cool Merino Blend Shirt
159,Women's Capilene® Midweight Bottoms
160,Women's Capilene® Midweight Crewneck
161,Women's Capilene® Midweight Zip-Neck Pullover
162,Women's Capilene® Thermal Weight Boot-Length Bottoms
163,Women's Capilene® Thermal Weight Bottoms
164,Women's Capilene® Thermal Weight Crewneck
165,Women's Capilene® Thermal Weight Zip-Neck Pullover
166,Women's Chambeau Rock Pants
167,Women's Cheeky Bikini Bottoms
168,Women's Classic Retro-X® Fleece Jacket
169,Women's Classic Retro-X® Fleece Vest
170,Women's Cord Fjord Jacket
171,Women's Corduroy Overshirt Jacket
172,Women's Cotton Down Parka
173,Women's Cross Shore One-Piece Swimsuit
174,Women's Cross Shore One-Piece Swimsuit
175,Women's Cross Shore Triangle Bikini Top
176,Women's Cross Shore Triangle Bikini Top
177,Women's Daily Snap-T® Pullover
178,Women's DAS® Light Hoody
179,Women's DAS® Light Skirt
180,Women's Dirt Craft Bike Pants
181,"Women's Dirt Craft Bike Shorts - 12½"""
182,"Women's Dirt Craft Bike Shorts - 12"""
183,Women's Dirt Roamer Liner Bike Bibs
184,Women's Dirt Roamer Bike Jacket
185,Women's Dirt Roamer Bike Liner Shorts
186,Women's Dirt Roamer Bike Shorts
187,Women's Dirt Roamer Storm Bike Jacket
188,Women's Dirt Roamer Storm Bike Pants
189,Women's Down Sweater™ Hoody
190,Women's Down Sweater™ Jacket
191,Women's Down Sweater™ Vest
192,Women's Downdrift Jacket
193,Women's Downdrift Parka
194,Women's Downdrift Vest
195,Women's Oversized Driftways Organic Shirt
196,Women's Dual Aspect Jacket
197,"Women's Endless Run Shorts - 6"""
198,Women's Everyday Cord Straight Pants
199,Women's Everyday Cords
200,Women's Fitz Roy Down Hoody
201,Women's Fjord Flannel Shirt
202,Women's Fjord Loft Overshirt Jacket
203,Women's Fleetwith Dress
204,Women's Fleetwith Jumpsuit
205,Women's Fleetwith Pants
206,"Women's Fleetwith Shorts - 5"""
207,Women's Fleetwith Skort
208,"Women's Funhoggers™ Shorts - 4"""
209,Women's Granite Crest Rain Jacket
210,Women's Granite Crest Rain Pants
211,Women's Hampi Rock Pants - Regular
212,Women's Hi-Loft Nano Puff® Hoody
213,Women's Houdini Stash 1/2-Zip Pullover
214,Women's Houdini Jacket
215,Women's Houdini Jacket
216,Women's Insulated Powder Town Jacket
217,Women's Insulated Powder Town Pants - Regular
218,Women's Insulated Powder Town Pants - Short
219,Women's Insulated Storm Shift Jacket
220,Women's Insulated Storm Shift Pants
221,Women's Iron Forge® Fleece-Lined Bib Overalls
222,Women's Iron Forge® Double Knee Work  Pants - Regular
223,Women's Iron Forge® Double Knee Work Pants - Short
224,Women's Iron Forge® Canvas Ranch Jacket
225,Women's Jackson Glacier Jacket
226,Women's Jackson Glacier Parka
227,Women's Landfarer Bike Shorts
228,Women's Light Gust Hooded Vest
229,Women's Light Gust Hooded Pullover
230,Women's Light Gust Hooded Vest
231,Women's Lightweight A/C™ Buttondown Shirt
232,Women's Lightweight Pataloha® Shirt
233,Women's Live Simply™ Bra
234,Women's Long-Sleeved Capilene® Cool Daily Graphic Shirt - Lands
235,Women's Long-Sleeved Capilene® Cool Daily Graphic Shirt - Waters
236,Women's Long-Sleeved Capilene® Cool Daily Graphic Shirt
237,Women's Long-Sleeved Capilene® Cool Merino Blend Graphic Shirt
238,Women's Long-Sleeved Capilene® Cool Merino Blend Shirt
239,Women's Long-Sleeved Dirt Craft Bike Jersey
240,Women's Long-Sleeved Driftways Easy-Cut Organic Shirt
241,Women's Long-Sleeved Mainstay Top
242,Women's Long-Sleeved P-6 Logo Responsibili-Tee®
243,Women's Long-Sleeved Rugby Top
244,Women's Long-Sleeved Self-Guided Sun Shirt
245,Women's Lunar Dusk Fleece Hoody
246,Women's M10™ Storm Bibs
247,Women's M10™ Storm Jacket
248,Women's Mainstay Top
249,Women's Maipo 7/8 Tights
250,Women's Maipo 7/8 Stash Tights
251,Women's Maipo Dress
252,"Women's Maipo Shorts - 8"""
253,Women's Maipo Skort
254,Women's Maipo Tank Top
255,Women's Maipo Low-Impact Adjustable Bra
256,Women's Maipo Low-Impact Adjustable Bra
257,Women's Maipo Mid-Impact Bra
258,Women's Maipo Mid-Impact Bra
259,Women's Merino Blend 3/4-Sleeved Bike Jersey
260,Women's Micro D™ Fleece Hoody
261,Women's Micro D™ 1/2-Zip Fleece Pullover
262,Women's Micro Puff® Hoody
263,Women's Micro Puff® Jacket
264,Women's Mixed Alpine Pants
265,"Women's Multi Trails Shorts - 5½"""
266,Women's Nano-Air® Hoody
267,Women's Nano-Air® Light Hybrid Hoody
268,Women's Nano-Air® Light Hybrid Jacket
269,Women's Nano-Air® Light Bottoms
270,Women's Nano-Air® Light Vest
271,Women's Nano-Air® Ultralight Freeride Jacket
272,Women's Nano-Air® Ultralight Full-Zip Hoody
273,Women's Nano-Air® Ultralight Pullover
274,Women's Nano Puff® Fitz Roy Trout Hoody
275,Women's Nano Puff® Hoody
276,Women's Nano Puff® Jacket
277,Women's Nano Puff® Vest
278,Women's Nanogrip Sunny Tide Bikini Bottoms
279,Women's Nether Bike Shorts
280,Women's Outdoor Everyday Cargo Pants
281,Women's Outdoor Everyday Pants
282,Women's Outdoor Everyday Rain Jacket
283,Women's Outdoor Everyday Shorts
284,Women's Outdoor Everyday Skort
285,Women's P-6 Logo Responsibili-Tee®
286,Women's Pack Out Hike Tights
287,Women's Pataloha® Tie Dress
288,"Women's Peak Mission Tights - 27"""
289,Women's Pine Bank 3-in-1 Parka
290,Women's Pluma PRO Bibs
291,Women's Pluma PRO Jacket
292,Women's Point Reyes Canvas Coat
293,Women's Point Reyes Canvas Overalls
294,Women's Point Reyes Canvas Skirt
295,Women's Point Reyes Canvas Wide-Leg Pants
296,Women's Powder Town Jacket
297,Women's Powder Town Pants
298,Women's PowSlayer Jacket
299,Women's PowSlayer Pants
300,Women's Quandary Pants - Regular
301,Women's Quandary Pants - Short
302,"Women's Quandary Shorts - 5"""
303,"Women's Quandary Shorts - 7"""
304,Women's R1® Air Fleece Full-Zip Hoody
305,Women's R1® Air Fleece Jacket
306,Women's R1® Air Fleece Vest
307,Women's R1® Air Fleece Zip-Neck
308,Women's R1® CrossStrata Hoody
309,Women's R1® CrossStrata Jacket
310,Women's R1® Fleece Jacket
311,Women's R1® Fleece Pullover Hoody
312,Women's R1® Fleece Pullover
313,Women's R1® Fleece Vest
314,Women's R1® Fleece Pants
315,Women's R1® Thermal Bottoms
316,Women's R1® Thermal Full-Zip Hoody
317,Women's R1® Thermal Jacket
318,Women's R1® Yulex® Regulator® Front-Zip Full Wetsuit
319,Women's R2® CrossStrata Pants
320,Women's R2® CrossStrata Hoody
321,Women's R2® CrossStrata Jacket
322,Women's R2® CrossStrata Pullover
323,Women's R2® Yulex® Regulator® Front-Zip Full Wetsuit
324,Women's R3® Yulex® Regulator® Front-Zip Full Wetsuit
325,Women's R4® Yulex® Regulator® Front-Zip Hooded Full Wetsuit
326,Women's Recycled Down Sweater™ Parka
327,Women's Recycled Wool-Blend Crewneck Sweater
328,Women's Recycled Wool-Blend Sweater Jacket
329,Women's Recycled Wool-Blend V-Neck Sweater
330,Women's Regenerative Organic Certified™ Cotton Essential Hoody
331,Women's Regenerative Organic Certified™ Cotton Essential Top
332,Women's Retro Pile Fleece Hoody
333,Women's Retro Pile Fleece Jacket
334,Women's Retro Pile Fleece Marsupial Pullover
335,Women's Retro Pile Fleece Shacket
336,Women's Retro Pile Fleece Vest
337,Women's Reversible Tank Top
338,Women's Reversible Cross Shore Bikini Bottoms
339,Women's Reversible Cross Shore Bikini Bottoms
340,Women's Reversible Cross Shore Bikini Bottoms
341,Women's Reversible Cross Shore Bikini Bottoms
342,Women's Reversible Seaglass Bay Bikini Top
343,Women's Reversible Seaglass Bay Bikini Top
344,Women's Shadowlite High-Impact Adjustable Bra
345,Women's Shadowlite High-Impact Adjustable Bra
346,Women's Shadowlite Mid-Impact Adjustable Bra
347,Women's Shadowlite Mid-Impact Adjustable Bra
348,Women's Shearling Fleece Crew
349,Women's Silent Down Jacket
350,Women's Silent Down Long Parka
351,Women's Sindit Hoody Jacket
352,Women's Sindit Vest
353,Women's Skysail Jacket
354,Women's Slim Jeans
355,Women's SnowDrifter Bibs
356,Women's SnowDrifter Jacket
357,"Women's Stand Up™ Overalls - 5"""
358,Women's Storm Racer Jacket
359,Women's Storm Shift Jacket
360,Women's Storm Shift Pants
361,Women's Stormshadow Parka
362,Women's Stormstride Jacket
363,Women's Stormstride Jacket
364,Women's Stormstride Pants
365,Women's Stretch Hydropeak Surf Shorts
366,"Women's Stretch Planing Micro Shorts - 2"""
367,"Women's Strider Pro Shorts - 3½"""
368,Women's Sunamee Bikini Bottoms
369,Women's Sunamee Bikini Bottoms
370,Women's Sunamee Bikini Bottoms
371,Women's Sunamee Shortie Surf Bottoms
372,Women's Sunamee Shortie Surf Bottoms
373,Women's Sunny Tide One-Piece Swimsuit
374,Women's Sunny Tide One-Piece Swimsuit
375,Women's Sunny Tide One-Piece Swimsuit
376,Women's Super Free Alpine Jacket
377,Women's Swiftcurrent® Expedition Zip-Front Waders
378,Women's Swiftcurrent® Expedition Zip-Front Waders
379,Women's Swiftcurrent® Traverse Waders
380,Women's Swiftcurrent® Wading Jacket
381,Women's Synchilla® Fleece Jacket
382,Women's Lightweight Synchilla® Snap-T® Fleece Pullover
383,Women's Synchilla® Fleece Marsupial Pullover
384,Women's Tech Skort
385,Women's Terravia Alpine Pants - Short
386,Women's Terravia Peak Pants - Regular
387,Women's Terravia Peak Pants - Short
388,Women's Terrebonne Joggers
389,Women's Terrebonne Trail Shorts
390,Women's Tidal Threads Shirt
391,Women's Tidal Threads Dress
392,Women's Tidal Threads Romper
393,Women's Torrentshell 3L Rain Jacket
394,Women's Torrentshell 3L Rain Pants - Regular
395,Women's Torrentshell 3L Rain Pants - Short
396,Women's Torrentshell 3L Rain Parka
397,Women's Trail Craft Bike Jacket
398,Women's Trail Craft Bike Vest
399,"Women's Trailfarer Running Shorts - 4½"""
400,Women's Tres 3-in-1 Parka
401,Women's Triolet Jacket
402,Women's Triolet Pants
403,Women's Tropic Comfort Natural Sun Hoody
404,Women's Unity Fitz Easy-Cut Responsibili-Tee®
405,Women's Untracked Bibs
406,Women's Untracked Jacket
407,Women's Upstride Jacket
408,Women's Upstride Pants
409,Women's Utility Pants
410,Women's Wave For It Bikini Top
411,Women's Wave For It Bikini Top
412,"Women's Wavefarer® Boardshorts - 5"""
413,Women's Wide-Leg Corduroy Pants
414,Women's Wild Trails Sports Bra
415,Women's Wind Shield Jacket
416,Women's Wind Shield Pants
417,Women's Yulex® Regulator® Lite Long Jane Wetsuit
418,Women's Yulex® Regulator® Lite Long-Sleeved Spring Jane Wetsuit
419,Women's Yulex® Regulator® Lite Spring Jane Wetsuit
420,Women's Yulex® Regulator® Lite Spring Juanita Wetsuit
421,Women's Yulex® Regulator® Lite Wetsuit Vest
422,Yulex® Regulator® Hooded Wetsuit Vest
423,Yulex® Regulator® Insertable Wetsuit Hood
424,Yulex® Regulator® Wetsuit Cap
425,Yulex® Wading Socks with Gravel Guard
426,Yulex® Wading Socks
427,Grade VII Down Parka
